Está satisfeito com a ferramenta DreamShaper?(Classifique de 1 a 4, sendo 1: Nada satisfeito e 4: Muito Satisfeito);Quais são os seus 3 aspectos preferidos da ferramenta ? Aspecto Visual;Quais são os seus 3 aspectos preferidos da ferramenta ? Navegação na Ferramenta;Quais são os seus 3 aspectos preferidos da ferramenta ? Perguntas;Quais são os seus 3 aspectos preferidos da ferramenta ? Exemplos;Quais são os seus 3 aspectos preferidos da ferramenta ? Vídeos;Quais são os seus 3 aspectos preferidos da ferramenta ? Modelo de Negócios;Quais são os seus 3 aspectos preferidos da ferramenta ? Indicações de Interface;Quais são os seus 3 aspectos preferidos da ferramenta ? Mural de equipa;Quais são os seus 3 aspectos preferidos da ferramenta ?  Gestão de equipa;Quais são os seus 3 aspectos preferidos da ferramenta ? Gestão de projectos;Quais são os seus 3 aspectos preferidos da ferramenta ? Outros;;E quais são os 3 aspectos que menos gosta? Aspecto visual;E quais são os 3 aspectos que menos gosta? Navegação na ferramenta;E quais são os 3 aspectos que menos gosta? Perguntas;E quais são os 3 aspectos que menos gosta? Exemplos;E quais são os 3 aspectos que menos gosta? Vídeos;E quais são os 3 aspectos que menos gosta? Modelo de Negócios;E quais são os 3 aspectos que menos gosta? Indicações de interface;E quais são os 3 aspectos que menos gosta? Mural de equipa;E quais são os 3 aspectos que menos gosta? Gestão de equipa;E quais são os 3 aspectos que menos gosta? Gestão de projectos;E quais são os 3 aspectos que menos gosta? Outros;;Quanto aprendeu com a DreamShaper?;;Em que etapa do concurso sentiu mais dificuldade?
3;Aspecto Visual;;;;;Modelo de Negócios;;;;Gestão de Projectos;;;;Navegação na ferramenta;;Exemplos;;;;;Gestão de equipa;;;;Bastante;;Etapa 3
4;Aspecto Visual;Navegação na ferramenta;;;Videos;Modelo de Negócios;;;;Gestão de Projectos;;;;;;Exemplos;;;Indicações de Interface;Mural de equipa;;;;;Alguma coisa;;Caso não se lembre do número exacto da etapa indique aqui as áreas em que sentiu mais dificuldade.
4;;;;Exemplos;Videos;;;;;;;;Aspecto Visual;;;;;;;;;;;;Imenso;;Etapa 3
3;Aspecto Visual;Navegação na ferramenta;;;Videos;;Indicações de Interface;;;;;;;;Perguntas;Exemplos;;Modelo de Negócios;;Mural de equipa;Gestão de equipa;Gestão de Projectos;;;Bastante;;Etapa 2
4;;;;;;Modelo de Negócios;;;;;;;;Navegação na ferramenta;;;;;Indicações de Interface;;;;nenhum;;Bastante;;Caso não se lembre do número exacto da etapa indique aqui as áreas em que sentiu mais dificuldade.
;;;;;;;;;;;;;;;;;;;;;;;;;;;
4;Aspecto Visual;Navegação na ferramenta;Perguntas;Exemplos;Videos;;;;;;;;;;;;;;;;;;Nada em especial.;;Bastante;;Etapa 4
2;;Navegação na ferramenta;;;;;Indicações de Interface;;;Gestão de Projectos;;;;;;Exemplos;;;;Mural de equipa;Gestão de equipa;;;;Pouco;;Caso não se lembre do número exacto da etapa indique aqui as áreas em que sentiu mais dificuldade.
3;Aspecto Visual;Navegação na ferramenta;;;Videos;;;;;Gestão de Projectos;;;;;Perguntas;;;;;;;;;;Bastante;;Caso não se lembre do número exacto da etapa indique aqui as áreas em que sentiu mais dificuldade.
3;;Navegação na ferramenta;Perguntas;Exemplos;;;;;;;;;;;;;;;Indicações de Interface;Mural de equipa;;Gestão de Projectos;;;Alguma coisa;;Etapa 4
;;;;;;;;;;;;;;;;;;;;;;;;;;;
4;Aspecto Visual;;;;Videos;Modelo de Negócios;;;;;;;;Navegação na ferramenta;;;;;;;;;;;Bastante;;Etapa 4
;;;;;;;;;;;;;;;;;;;;;;;;;;;
;;;;;;;;;;;;;;;;;;;;;;;;;;;
4;;Navegação na ferramenta;Perguntas;Exemplos;;;;;;;;;;;;;;;;;;;Nenhum;;Bastante;;Etapa 2
4;;Navegação na ferramenta;;;;Modelo de Negócios;;;;Gestão de Projectos;;;;;;;;;Indicações de Interface;;;;;;Bastante;;Etapa 3
4;Aspecto Visual;Navegação na ferramenta;;;Videos;;;;;;;;;;;;;;;;;;Nenhum;;Bastante;;Caso não se lembre do número exacto da etapa indique aqui as áreas em que sentiu mais dificuldade.
1;;;;;;;;Mural de equipa;;;;;;Navegação na ferramenta;Perguntas;Exemplos;;;;;;;;;Nada;;Etapa 4
4;Aspecto Visual;;Perguntas;Exemplos;;Modelo de Negócios;;;;;;;;Navegação na ferramenta;;;;;;;;Gestão de Projectos;;;Imenso;;Etapa 4
3;;;Perguntas;Exemplos;;;;;;Gestão de Projectos;;;;;;;;;;;Gestão de equipa;;Nem todas as funcionalidades estão disponíveis no iPad;;Bastante;;Etapa 2
4;Aspecto Visual;Navegação na ferramenta;Perguntas;Exemplos;Videos;Modelo de Negócios;Indicações de Interface;Mural de equipa;Gestão de equipa;Gestão de Projectos;;;;;;;;;;;;;nenhum;;Imenso;;Caso não se lembre do número exacto da etapa indique aqui as áreas em que sentiu mais dificuldade.
4;;Navegação na ferramenta;;Exemplos;Videos;;;;;;;;;;;;;Modelo de Negócios;;;Gestão de equipa;Gestão de Projectos;;;Alguma coisa;;Etapa 2
3;Aspecto Visual;Navegação na ferramenta;;;;Modelo de Negócios;;;;;;;;;;;;;;;;;Rigidez do modelo (inevitável dada as diferentes áreas de negócio/empresas concorrentes...);;Bastante;;Caso não se lembre do número exacto da etapa indique aqui as áreas em que sentiu mais dificuldade.
2;;;;;;Modelo de Negócios;;;;;;;;;Perguntas;;;;;Mural de equipa;;;Na parte dirigida à orçamentação são muito pouco explicativos, a maioria dos campos não sabia como preencher devidamente. Como esperam que alguém que nunca soube estimar valores de investimentos faça uma média daquilo que precisa? Os valores parecem irreais. Deveriam ter acompanhamento pessoal. Quanto a ter uma equipa, é ridículo ser desclassificado por não possuir elementos suficientes, se eu fui capaz de estruturar a ideia sozinha quer dizer que pretendo contratar pessoas para a minha empresa.;;Alguma coisa;;Etapa 4
3;;Navegação na ferramenta;Perguntas;;Videos;Modelo de Negócios;;;;;;;;;;;;;Indicações de Interface;Mural de equipa;Gestão de equipa;;;;Bastante;;Etapa 2
2;;Navegação na ferramenta;;;;;;;;;;;;;;;Videos;;;;;;;;Pouco;;Etapa 2
4;Aspecto Visual;Navegação na ferramenta;Perguntas;;;;;;;;;;;;;;;Modelo de Negócios;Indicações de Interface;;;;A;;Imenso;;Caso não se lembre do número exacto da etapa indique aqui as áreas em que sentiu mais dificuldade.
4;;Navegação na ferramenta;;;Videos;;Indicações de Interface;;;;;;;;Perguntas;Exemplos;;;;Mural de equipa;;;;;Bastante;;Etapa 3
4;;Navegação na ferramenta;;;Videos;Modelo de Negócios;;;;Gestão de Projectos;;;;;Perguntas;;;;Indicações de Interface;;Gestão de equipa;;;;Imenso;;Etapa 4
4;Aspecto Visual;Navegação na ferramenta;;;;Modelo de Negócios;;;;;;;;;;;;;;;;;nenhum;;Bastante;;Etapa 4
4;;Navegação na ferramenta;Perguntas;;Videos;Modelo de Negócios;;;;;;;;;;Exemplos;;;;;;;Cálculo dos indicadores financeiros tem um erro no 2º ano;;Bastante;;Etapa 2
4;;;Perguntas;;Videos;;;;;;;;;;;;;;;;;;nada a assinalar;;Alguma coisa;;Etapa 3
4;Aspecto Visual;Navegação na ferramenta;;Exemplos;;;;;;;;;;;;;;;Indicações de Interface;;Gestão de equipa;Gestão de Projectos;;;Alguma coisa;;Etapa 4
2;;;;Exemplos;Videos;Modelo de Negócios;;;;;;;;;;;;;;;Gestão de equipa;Gestão de Projectos;contacto visual pelo menos uma vez para acreditar mais....;;Alguma coisa;;Etapa 4
4;Aspecto Visual;Navegação na ferramenta;;;;Modelo de Negócios;;;Gestão de equipa;;;;;;;Exemplos;Videos;;Indicações de Interface;;;;;;Bastante;;Etapa 3
3;Aspecto Visual;Navegação na ferramenta;;;;;;;;Gestão de Projectos;;;;;;Exemplos;Videos;Modelo de Negócios;;;;;;;Alguma coisa;;Etapa 2
3;;Navegação na ferramenta;Perguntas;;;;;;Gestão de equipa;Gestão de Projectos;;;Aspecto Visual;;;;;Modelo de Negócios;Indicações de Interface;;;;;;Bastante;;Etapa 4
4;;Navegação na ferramenta;Perguntas;Exemplos;Videos;;;;;Gestão de Projectos;;;;;;;;Modelo de Negócios;Indicações de Interface;;;;estava tudo aceitavelmente bom;;Imenso;;Etapa 4
2;Aspecto Visual;;Perguntas;;;;Indicações de Interface;;;;;;;;;;Videos;;;Mural de equipa;;;;;Pouco;;Etapa 4
4;;Navegação na ferramenta;Perguntas;;;Modelo de Negócios;;;;;;;;Navegação na ferramenta;;Exemplos;;;;;Gestão de equipa;;;;Bastante;;Etapa 4
4;;;;Exemplos;Videos;;;;Gestão de equipa;Gestão de Projectos;;;;Navegação na ferramenta;;;;;Indicações de Interface;Mural de equipa;;;;;Bastante;;Etapa 3
4;;;;;;Modelo de Negócios;;;Gestão de equipa;Gestão de Projectos;;;;;;Exemplos;Videos;;;;;;Nao tenho outro aspecto;;Imenso;;Caso não se lembre do número exacto da etapa indique aqui as áreas em que sentiu mais dificuldade.
4;;;;Exemplos;;Modelo de Negócios;;;;Gestão de Projectos;;;;Navegação na ferramenta;;;;;;;;;;;Bastante;;Caso não se lembre do número exacto da etapa indique aqui as áreas em que sentiu mais dificuldade.
4;;;;Exemplos;Videos;Modelo de Negócios;;;;Gestão de Projectos;;;;;;;;;Indicações de Interface;Mural de equipa;;;Não está muito vocacionado para serviços;;Bastante;;Caso não se lembre do número exacto da etapa indique aqui as áreas em que sentiu mais dificuldade.
3;Aspecto Visual;Navegação na ferramenta;;Exemplos;;Modelo de Negócios;;;;Gestão de Projectos;;;;;;;Videos;;;;;;;;Alguma coisa;;Etapa 4
3;;;;;;Modelo de Negócios;Indicações de Interface;;;Gestão de Projectos;;;;;;;;;;Mural de equipa;Gestão de equipa;;darem prioridade a projetos prioritariamente ligados a tecnologia e esquecer outros dominios base que poderiam elevar o mercado;;Alguma coisa;;Caso não se lembre do número exacto da etapa indique aqui as áreas em que sentiu mais dificuldade.
4;Aspecto Visual;;;Exemplos;;Modelo de Negócios;;;;;;;;;;;;;;Mural de equipa;;;;;Imenso;;Etapa 4
4;Aspecto Visual;;Perguntas;Exemplos;Videos;Modelo de Negócios;;Mural de equipa;Gestão de equipa;Gestão de Projectos;;;;Navegação na ferramenta;;;;;Indicações de Interface;;;;;;Bastante;;Caso não se lembre do número exacto da etapa indique aqui as áreas em que sentiu mais dificuldade.
4;;Navegação na ferramenta;;Exemplos;Videos;Modelo de Negócios;;;;;;;;;;;;;Indicações de Interface;Mural de equipa;;Gestão de Projectos;;;Imenso;;Etapa 4
2;;;;;;;;;;;Ainda pouco explorado  para ter uma opinião formada.;;;;;;;;;;;;Ainda pouco explorado  para ter uma opinião formada.;;Nada;;Caso não se lembre do número exacto da etapa indique aqui as áreas em que sentiu mais dificuldade.
4;;Navegação na ferramenta;Perguntas;;Videos;;;;;;;;;;;Exemplos;;;Indicações de Interface;Mural de equipa;;;;;Alguma coisa;;Etapa 4
4;Aspecto Visual;;;Exemplos;Videos;Modelo de Negócios;;Mural de equipa;Gestão de equipa;Gestão de Projectos;;;;Navegação na ferramenta;Perguntas;;;;Indicações de Interface;;;;;;Alguma coisa;;Etapa 3
4;;;Perguntas;;;Modelo de Negócios;;;Gestão de equipa;Gestão de Projectos;;;Aspecto Visual;Navegação na ferramenta;;;;;;Mural de equipa;;;;;Bastante;;Etapa 4
3;;Navegação na ferramenta;;;;Modelo de Negócios;;;;Gestão de Projectos;;;;;;Exemplos;;;;;;;;;Bastante;;Etapa 4
3;;Navegação na ferramenta;;;;Modelo de Negócios;Indicações de Interface;;;;;;;;;Exemplos;;;;;;;;;Alguma coisa;;Etapa 2
3;Aspecto Visual;;;Exemplos;;;;;;Gestão de Projectos;;;;Navegação na ferramenta;;;;;Indicações de Interface;Mural de equipa;;;;;Imenso;;Etapa 4
3;;;Perguntas;Exemplos;;Modelo de Negócios;;;;;;;;;;;;;;;;;Nenhum em particular;;Bastante;;Caso não se lembre do número exacto da etapa indique aqui as áreas em que sentiu mais dificuldade.
4;;Navegação na ferramenta;;;;;Indicações de Interface;;;Gestão de Projectos;;;;;;Exemplos;;;;;;;;;Bastante;;Etapa 3
4;Aspecto Visual;;;;Videos;;;;;Gestão de Projectos;;;;;;;;;Indicações de Interface;;;;;;Bastante;;Etapa 4
4;Aspecto Visual;Navegação na ferramenta;Perguntas;Exemplos;;;;;;;;;;;;;;;Indicações de Interface;Mural de equipa;Gestão de equipa;;;;Bastante;;Etapa 3
3;Aspecto Visual;Navegação na ferramenta;;;;Modelo de Negócios;;;;;;;;;;;Videos;;Indicações de Interface;;;Gestão de Projectos;;;Pouco;;Etapa 1
3;;Navegação na ferramenta;Perguntas;;;;;;;;;;;;;Exemplos;Videos;;;Mural de equipa;;;;;Alguma coisa;;Etapa 3
4;;;Perguntas;Exemplos;Videos;Modelo de Negócios;;;;;;;Aspecto Visual;;;;;;Indicações de Interface;Mural de equipa;;;;;Bastante;;Etapa 3
4;;Navegação na ferramenta;;Exemplos;;Modelo de Negócios;;;;Gestão de Projectos;;;Aspecto Visual;;;;;;;Mural de equipa;Gestão de equipa;;;;Bastante;;Etapa 4
;;;;;;;;;;;;;;;;;;;;;;;;;;;
3;Aspecto Visual;Navegação na ferramenta;;;;;;;;Gestão de Projectos;;;;;Perguntas;;Videos;;;Mural de equipa;;;;;Bastante;;Etapa 2
4;;Navegação na ferramenta;;;Videos;Modelo de Negócios;;;;;;;;;;;;;;Mural de equipa;;;;;Imenso;;Etapa 2
3;;;;Exemplos;;Modelo de Negócios;Indicações de Interface;;;;;;;Navegação na ferramenta;Perguntas;;;;;;;;;;Alguma coisa;;Caso não se lembre do número exacto da etapa indique aqui as áreas em que sentiu mais dificuldade.
;;;;;;;;;;;;;;;;;;;;;;;;;;;
2;Aspecto Visual;;;;Videos;Modelo de Negócios;;;;;;;;;Perguntas;Exemplos;;;Indicações de Interface;;;;;;Alguma coisa;;Etapa 4
3;;;Perguntas;Exemplos;;Modelo de Negócios;;;;Gestão de Projectos;;;;;;;Videos;;Indicações de Interface;Mural de equipa;;;;;Bastante;;Etapa 4
3;Aspecto Visual;Navegação na ferramenta;;Exemplos;;;;;;;;;;;;;Videos;;Indicações de Interface;;;Gestão de Projectos;;;Pouco;;Etapa 1
4;;Navegação na ferramenta;Perguntas;;;Modelo de Negócios;;;;;;;Aspecto Visual;;;;;;Indicações de Interface;Mural de equipa;;;;;Imenso;;Etapa 4
4;;Navegação na ferramenta;;Exemplos;;;Indicações de Interface;;;;;;Aspecto Visual;;;;;;;Mural de equipa;Gestão de equipa;;;;Bastante;;Etapa 4
4;;Navegação na ferramenta;;Exemplos;;Modelo de Negócios;;;;;;;;;;;;;Indicações de Interface;Mural de equipa;;;;;Alguma coisa;;Etapa 4
2;;Navegação na ferramenta;;;;;;;;;;;;;Perguntas;;;;Indicações de Interface;;;Gestão de Projectos;;;Alguma coisa;;Etapa 3
3;Aspecto Visual;;;;Videos;;;;;Gestão de Projectos;;;;;Perguntas;Exemplos;;Modelo de Negócios;;;;;;;Bastante;;Etapa 3
4;;;;Exemplos;;Modelo de Negócios;;;;Gestão de Projectos;;;;Navegação na ferramenta;Perguntas;;;;Indicações de Interface;;;;;;Alguma coisa;;Etapa 4
4;;Navegação na ferramenta;;Exemplos;;Modelo de Negócios;;;Gestão de equipa;Gestão de Projectos;;;;;Perguntas;;;;Indicações de Interface;Mural de equipa;;;;;Bastante;;Caso não se lembre do número exacto da etapa indique aqui as áreas em que sentiu mais dificuldade.
;;;;;;;;;;;;;;;;;;;;;;;;;;;
3;Aspecto Visual;;;Exemplos;;;;;;;;;;;Perguntas;;;;;;;;;;Bastante;;Etapa 3
3;Aspecto Visual;;;Exemplos;Videos;;;;;;;;;;Perguntas;;;Modelo de Negócios;Indicações de Interface;;;;;;Alguma coisa;;Caso não se lembre do número exacto da etapa indique aqui as áreas em que sentiu mais dificuldade.
1;Aspecto Visual;;;;;;;;;Gestão de Projectos;;;;Navegação na ferramenta;;;;;;;;;Deu erro e nunca consegui ter solução para o mesmo, mesmo após contacto com a equipa.;;Pouco;;Etapa 3
4;Aspecto Visual;Navegação na ferramenta;;;;;Indicações de Interface;;;;;;;;;;;;;Mural de equipa;Gestão de equipa;Gestão de Projectos;;;Alguma coisa;;Caso não se lembre do número exacto da etapa indique aqui as áreas em que sentiu mais dificuldade.
3;Aspecto Visual;;;;;Modelo de Negócios;;;Gestão de equipa;Gestão de Projectos;;;;Navegação na ferramenta;;Exemplos;;;Indicações de Interface;;;;;;Alguma coisa;;Etapa 4
3;Aspecto Visual;Navegação na ferramenta;Perguntas;;Videos;Modelo de Negócios;Indicações de Interface;;Gestão de equipa;Gestão de Projectos;;;;;;Exemplos;;;;;;;;;Alguma coisa;;Etapa 4
3;Aspecto Visual;Navegação na ferramenta;Perguntas;Exemplos;Videos;Modelo de Negócios;;;;;;;;;;;;;;Mural de equipa;;;;;Imenso;;Etapa 4
2;;;Perguntas;Exemplos;;;;;;;;;;Navegação na ferramenta;;;;;Indicações de Interface;;;;não foi facil a navegação, pois estava sozinha;;Alguma coisa;;Etapa 2
3;;Navegação na ferramenta;;;;Modelo de Negócios;;;;;;;;;Perguntas;;;;;;;;;;Alguma coisa;;Etapa 4
2;Aspecto Visual;;;;;;;;;;;;;Navegação na ferramenta;;;;;Indicações de Interface;;;Gestão de Projectos;;;Pouco;;Etapa 2
;;;;;;;;;;;;;;;;;;;;;;;;;;;
;;;;;;;;;;;;;;;;;;;;;;;;;;;
2;Aspecto Visual;;;;;Modelo de Negócios;;;;Gestão de Projectos;;;;Navegação na ferramenta;;;;;Indicações de Interface;;;;Oa testes e protótipos não permitem espelhar a realidade e não são totalmente adaptáveis a determinada situações.;;Alguma coisa;;Caso não se lembre do número exacto da etapa indique aqui as áreas em que sentiu mais dificuldade.
4;Aspecto Visual;Navegação na ferramenta;;;;;;;;;;;;;;;Videos;;;;;;;;Bastante;;Etapa 4
4;;Navegação na ferramenta;;;;;;;;;;;;;;Exemplos;Videos;;;;;;Quando o vídeo dizia que se poderia aprender mais no tutorial, não sabia onde estava o mesmo;;Alguma coisa;;Etapa 2
3;Aspecto Visual;;;;;;;;;;;;;;;;;;;;;Gestão de Projectos;;;Alguma coisa;;Etapa 3
3;;;;;;;;;;;não explorei a ferramenta;;;;;;;;;;;;não explorei ainda a ferramenta;;Alguma coisa;;Caso não se lembre do número exacto da etapa indique aqui as áreas em que sentiu mais dificuldade.
4;;;;Exemplos;;Modelo de Negócios;;;;Gestão de Projectos;;;Aspecto Visual;;;;;;Indicações de Interface;;Gestão de equipa;;;;Bastante;;Etapa 4
4;Aspecto Visual;Navegação na ferramenta;;;Videos;;;;;Gestão de Projectos;;;;;;Exemplos;;;Indicações de Interface;Mural de equipa;;;;;Bastante;;Etapa 3
4;Aspecto Visual;;;Exemplos;Videos;Modelo de Negócios;;;;;;;;;Perguntas;;;;Indicações de Interface;;Gestão de equipa;;;;Imenso;;
3;Aspecto Visual;;;Exemplos;Videos;;Indicações de Interface;;;;;;;Navegação na ferramenta;;;;;;Mural de equipa;;Gestão de Projectos;;;Alguma coisa;;Caso não se lembre do número exacto da etapa indique aqui as áreas em que sentiu mais dificuldade.
4;;;;;Videos;Modelo de Negócios;;;;Gestão de Projectos;;;;Navegação na ferramenta;Perguntas;;;;Indicações de Interface;;;;;;Bastante;;Etapa 4
4;;Navegação na ferramenta;;Exemplos;Videos;;;;;;;;;;;;;;;;;;nada;;Alguma coisa;;Etapa 4
;;;;;;;;;;;;;;;;;;;;;;;;;;;
4;;;;;;Modelo de Negócios;Indicações de Interface;;;Gestão de Projectos;;;;;Perguntas;Exemplos;;;;Mural de equipa;;;;;Bastante;;Etapa 4
3;Aspecto Visual;;;;;;Indicações de Interface;;Gestão de equipa;Gestão de Projectos;;;Aspecto Visual;;Perguntas;;;;Indicações de Interface;;;;;;Alguma coisa;;Etapa 3
2;Aspecto Visual;;;;;;;Mural de equipa;Gestão de equipa;;;;;Navegação na ferramenta;;;;Modelo de Negócios;Indicações de Interface;;;;;;Pouco;;Etapa 2
3;Aspecto Visual;;;Exemplos;Videos;;;;;;;;Aspecto Visual;;;;;;;;;;;;Alguma coisa;;
3;;;;Exemplos;;Modelo de Negócios;;;;Gestão de Projectos;;;;Navegação na ferramenta;Perguntas;;;;;;;;Não permite explicar bem o projeto, está muito formatado para outro tipo de empresas que não do setor da saúde e educação.;;Bastante;;Etapa 3
3;Aspecto Visual;;;;;Modelo de Negócios;;;Gestão de equipa;Gestão de Projectos;;;;;;;Videos;;;;;;;;Alguma coisa;;
2;Aspecto Visual;;;;;;;;;;;;;;;;;;;;;Gestão de Projectos;;;Alguma coisa;;Etapa 4
4;Aspecto Visual;Navegação na ferramenta;;Exemplos;;Modelo de Negócios;;;;;;;;;;Exemplos;;;;;Gestão de equipa;Gestão de Projectos;;;Bastante;;Caso não se lembre do número exacto da etapa indique aqui as áreas em que sentiu mais dificuldade.
4;;Navegação na ferramenta;;Exemplos;;;;;;Gestão de Projectos;;;;;Perguntas;;Videos;;;;;;;;Bastante;;Etapa 4
2;Aspecto Visual;;;;;;;;;;;;;;;;;Modelo de Negócios;;;;;;;Alguma coisa;;Etapa 4
3;;;;;;Modelo de Negócios;;;;Gestão de Projectos;;;;;;Exemplos;;;Indicações de Interface;Mural de equipa;;;;;Bastante;;
4;;Navegação na ferramenta;;;;Modelo de Negócios;Indicações de Interface;;;Gestão de Projectos;;;Aspecto Visual;;;Exemplos;Videos;;;;;;;;Bastante;;Etapa 3
4;Aspecto Visual;;Perguntas;;;Modelo de Negócios;;;;;;;;;;;Videos;;;;;;;;Bastante;;Etapa 4
4;;;;Exemplos;Videos;Modelo de Negócios;Indicações de Interface;;;Gestão de Projectos;;;Aspecto Visual;Navegação na ferramenta;;;;;;;Gestão de equipa;;;;Bastante;;Etapa 4
3;;Navegação na ferramenta;;;;Modelo de Negócios;;;;Gestão de Projectos;;;Aspecto Visual;;;;;;;Mural de equipa;;;"Contacto pouco ""humano""";;Bastante;;Etapa 4
3;Aspecto Visual;Navegação na ferramenta;;Exemplos;;Modelo de Negócios;;;Gestão de equipa;Gestão de Projectos;;;;;Perguntas;;;;Indicações de Interface;Mural de equipa;;;;;Alguma coisa;;Etapa 3
3;Aspecto Visual;;;;Videos;;;;;;;;;;Perguntas;;;;Indicações de Interface;Mural de equipa;;;;;Alguma coisa;;Etapa 3
4;;;;;Videos;Modelo de Negócios;;;;Gestão de Projectos;;;Aspecto Visual;;;;;;;Mural de equipa;;;tempo para responderem a dúvidas;;Imenso;;Etapa 4
4;Aspecto Visual;;;Exemplos;Videos;Modelo de Negócios;;;;;;;;Navegação na ferramenta;;;;;;;;Gestão de Projectos;;;Bastante;;Etapa 4
;;;;;;;;;;;;;;;;;;;;;;;;;;;
2;Aspecto Visual;;Perguntas;;;Modelo de Negócios;;;;;;;;;;Exemplos;Videos;Modelo de Negócios;;;;;;;Alguma coisa;;Caso não se lembre do número exacto da etapa indique aqui as áreas em que sentiu mais dificuldade.
;;;;;;;;;;;;;;;;;;;;;;;;;;;
4;;;Perguntas;;Videos;Modelo de Negócios;;Mural de equipa;Gestão de equipa;Gestão de Projectos;;;;;;;;;;;;;não tenho opção;;Bastante;;Etapa 3
1;;;;Exemplos;;;;;;;;;;;;;;;;Mural de equipa;;;;;Pouco;;Etapa 4
4;;;;Exemplos;Videos;Modelo de Negócios;;;;;;;Aspecto Visual;Navegação na ferramenta;;;;;Indicações de Interface;;;;;;Bastante;;Etapa 4
4;Aspecto Visual;;;;Videos;Modelo de Negócios;;;;;;;;;;;;;Indicações de Interface;Mural de equipa;;Gestão de Projectos;;;Pouco;;Etapa 4
2;;;;;;Modelo de Negócios;;;;;;;;Navegação na ferramenta;Perguntas;;;;Indicações de Interface;;;;;;Alguma coisa;;Etapa 3
4;Aspecto Visual;;;;;Modelo de Negócios;;;;;;;;;Perguntas;;;;;Mural de equipa;Gestão de equipa;;;;Imenso;;Caso não se lembre do número exacto da etapa indique aqui as áreas em que sentiu mais dificuldade.
4;;;;Exemplos;;;;;;Gestão de Projectos;;;Aspecto Visual;Navegação na ferramenta;;;;;;;;Gestão de Projectos;;;Bastante;;Etapa 4
3;;Navegação na ferramenta;;;Videos;Modelo de Negócios;;;;;;;Aspecto Visual;;;;;;Indicações de Interface;;;;;;Alguma coisa;;Etapa 4
4;;Navegação na ferramenta;;;Videos;Modelo de Negócios;;;;;;;;;;;;;;;;;nada em especial;;Bastante;;Etapa 4
4;Aspecto Visual;;;Exemplos;Videos;;;;;;;;;;;;;Modelo de Negócios;;Mural de equipa;Gestão de equipa;;;;Bastante;;Etapa 4
;;;;;;;;;;;;;;;;;;;;;;;;;;;
;;;;;;;;;;;;;;;;;;;;;;;;;;;
3;;Navegação na ferramenta;;;;Modelo de Negócios;;;;;;;Aspecto Visual;Navegação na ferramenta;;;Videos;;;;;;;;Alguma coisa;;
1;;;;;;;Indicações de Interface;;;;;;Aspecto Visual;Navegação na ferramenta;;;;;;;;Gestão de Projectos;;;Nada;;Caso não se lembre do número exacto da etapa indique aqui as áreas em que sentiu mais dificuldade.
4;;Navegação na ferramenta;Perguntas;Exemplos;;;Indicações de Interface;;;Gestão de Projectos;;;Aspecto Visual;;;;;;;Mural de equipa;Gestão de equipa;;;;Bastante;;Caso não se lembre do número exacto da etapa indique aqui as áreas em que sentiu mais dificuldade.
;;;;;;;;;;;;;;;;;;;;;;;;;;;
3;;Navegação na ferramenta;;;;;;;;;;;;;Perguntas;;;;;;;;Quando se é iniciante, não é fácil acompanhar as questões específicas;;Alguma coisa;;Caso não se lembre do número exacto da etapa indique aqui as áreas em que sentiu mais dificuldade.
4;Aspecto Visual;;;Exemplos;Videos;;;;;;;;;;;;;Modelo de Negócios;Indicações de Interface;;Gestão de equipa;;;;Bastante;;Etapa 4
;;;;;;;;;;;;;;;;;;;;;;;;;;;
3;Aspecto Visual;;;;;;;;;;;;;;;;;;Indicações de Interface;;;;;;Alguma coisa;;Etapa 2
2;;Navegação na ferramenta;;Exemplos;;;;Mural de equipa;;;;;;;Perguntas;;Videos;;Indicações de Interface;;;;;;Alguma coisa;;Etapa 3
4;;;;;;Modelo de Negócios;;;;;;;;;;Exemplos;Videos;;Indicações de Interface;;;;;;Bastante;;Etapa 4
4;Aspecto Visual;Navegação na ferramenta;;Exemplos;Videos;Modelo de Negócios;;;;;;;;;;;;;Indicações de Interface;;Gestão de equipa;Gestão de Projectos;;;Bastante;;Etapa 4
3;;Navegação na ferramenta;;Exemplos;Videos;;;;;;;;Aspecto Visual;;;;;;;;Gestão de equipa;Gestão de Projectos;;;Alguma coisa;;Etapa 4
4;Aspecto Visual;;;Exemplos;Videos;;;;;;;;;;;;;Modelo de Negócios;;Mural de equipa;;Gestão de Projectos;;;Imenso;;Etapa 3
;;;;;;;;;;;;;;;;;;;;;;;;;;;
4;;;Perguntas;Exemplos;;;;;;Gestão de Projectos;;;Aspecto Visual;;;;;;;;;;;;Bastante;;Etapa 3
3;Aspecto Visual;;;;;;;;Gestão de equipa;;;;;Navegação na ferramenta;;;;;Indicações de Interface;;;Gestão de Projectos;;;Alguma coisa;;Etapa 2
4;;;;;Videos;;;;;;;;;;;;;;;;;;Na revisão do projeto estar faseado e ter que voltar ao menu;;Bastante;;Etapa 4
4;;Navegação na ferramenta;;;;Modelo de Negócios;;;;;;;;;Perguntas;;Videos;;Indicações de Interface;;;;;;Bastante;;Etapa 4
4;;;;;Videos;Modelo de Negócios;;;;Gestão de Projectos;;;Aspecto Visual;Navegação na ferramenta;;;;;;Mural de equipa;;;;;Imenso;;Etapa 4
3;;;;Exemplos;Videos;Modelo de Negócios;;;;;;;;Navegação na ferramenta;;;;;Indicações de Interface;;Gestão de equipa;;;;Alguma coisa;;Etapa 4
;;;;;;;;;;;;;;;;;;;;;;;;;;;
4;;;Perguntas;Exemplos;Videos;;;;;;;;;;;;;;Indicações de Interface;;;;;;Bastante;;Etapa 4
3;Aspecto Visual;Navegação na ferramenta;;;;;;;;;;;;;;;Videos;Modelo de Negócios;;;;Gestão de Projectos;;;Alguma coisa;;Etapa 4
3;Aspecto Visual;;Perguntas;;;;Indicações de Interface;;;;;;;;;Exemplos;Videos;;;;;;;;Bastante;;Etapa 4
4;;Navegação na ferramenta;Perguntas;Exemplos;Videos;Modelo de Negócios;Indicações de Interface;Mural de equipa;Gestão de equipa;Gestão de Projectos;;;Aspecto Visual;;;;;;;;;;;;Imenso;;Etapa 4
4;;Navegação na ferramenta;Perguntas;Exemplos;;;;;;;;;;;;;;;;;;;Gostei de todos os aspetos;;Bastante;;Etapa 4
4;Aspecto Visual;Navegação na ferramenta;;;Videos;Modelo de Negócios;;;;;Plano final elaborado. Até já imprimi;;;;;;;;Indicações de Interface;Mural de equipa;Gestão de equipa;;;;Imenso;;Caso não se lembre do número exacto da etapa indique aqui as áreas em que sentiu mais dificuldade.
3;;;;;;;;;;Gestão de Projectos;;;;Navegação na ferramenta;;;;Modelo de Negócios;Indicações de Interface;;;;;;Bastante;;Etapa 3
2;Aspecto Visual;Navegação na ferramenta;;;;Modelo de Negócios;;;;;;;;;;;;;Indicações de Interface;;;Gestão de Projectos;Não funciona bem com o tablet Apple Air.;;Alguma coisa;;Etapa 2
4;;Navegação na ferramenta;Perguntas;;;Modelo de Negócios;;;;;;;;;;;;;;;;;Não há nenhum aspecto que eu não tenha gostado.;;Bastante;;Etapa 1
3;;;;;;;;;;Gestão de Projectos;;;;Navegação na ferramenta;;;;;;;;;;;Alguma coisa;;Etapa 4
4;;;;Exemplos;;Modelo de Negócios;;;;;;;;;Perguntas;;;;;;;;;;Alguma coisa;;Etapa 4
;;;;;;;;;;;;;;;;;;;;;;;;;;;
3;;;;;;Modelo de Negócios;;;;;;;;;;;;;;;;Gestão de Projectos;;;Alguma coisa;;Caso não se lembre do número exacto da etapa indique aqui as áreas em que sentiu mais dificuldade.
4;Aspecto Visual;Navegação na ferramenta;;;;;Indicações de Interface;;;;;;;;;Exemplos;Videos;;;Mural de equipa;;;;;Bastante;;Etapa 4
2;;;;;;Modelo de Negócios;;;;;;;;;Perguntas;;;;Indicações de Interface;;;;Falta de feedback do projeto pela equipa do Acredita Portugal.;;Alguma coisa;;Caso não se lembre do número exacto da etapa indique aqui as áreas em que sentiu mais dificuldade.
3;;Navegação na ferramenta;;;Videos;;;;;;;;;;Perguntas;;;;;;;;;;Bastante;;Etapa 4
4;Aspecto Visual;;Perguntas;Exemplos;;Modelo de Negócios;Indicações de Interface;;;;;;;;;;;;;;;;NS;;Bastante;;Caso não se lembre do número exacto da etapa indique aqui as áreas em que sentiu mais dificuldade.
1;Aspecto Visual;;;;;;;;;;;;;;;;Videos;;;Mural de equipa;Gestão de equipa;;;;Pouco;;Etapa 1
4;;;;;;Modelo de Negócios;;;;;;;;;Perguntas;;Videos;;Indicações de Interface;;;;;;Alguma coisa;;Caso não se lembre do número exacto da etapa indique aqui as áreas em que sentiu mais dificuldade.
4;Aspecto Visual;;Perguntas;Exemplos;Videos;Modelo de Negócios;Indicações de Interface;;;;;;;;;;;;;Mural de equipa;Gestão de equipa;Gestão de Projectos;;;Bastante;;Etapa 4
3;Aspecto Visual;;;;;;;;;;;;;;;Exemplos;;;;;Gestão de equipa;Gestão de Projectos;;;Alguma coisa;;Caso não se lembre do número exacto da etapa indique aqui as áreas em que sentiu mais dificuldade.
4;Aspecto Visual;Navegação na ferramenta;;Exemplos;Videos;;Indicações de Interface;Mural de equipa;Gestão de equipa;Gestão de Projectos;;;;;;;;;;;;;quanto as entrevistas sobre o plano de negócio;;Bastante;;Caso não se lembre do número exacto da etapa indique aqui as áreas em que sentiu mais dificuldade.
2;Aspecto Visual;;;;;;;;;;;;;Navegação na ferramenta;;;Videos;;Indicações de Interface;;;;;;Nada;;Caso não se lembre do número exacto da etapa indique aqui as áreas em que sentiu mais dificuldade.
4;;Navegação na ferramenta;;Exemplos;;Modelo de Negócios;;;;;;;;;;;;;;;;;Não refiro nenhum, em particular;;Bastante;;Etapa 4
4;Aspecto Visual;Navegação na ferramenta;;;;Modelo de Negócios;;;;;;;;;;Exemplos;Videos;;;;Gestão de equipa;;;;Bastante;;Etapa 4
;;;;;;;;;;;;;;;;;;;;;;;;;;;
4;Aspecto Visual;Navegação na ferramenta;;;Videos;;;;;;;;;;;;;;;Mural de equipa;Gestão de equipa;Gestão de Projectos;;;Bastante;;Etapa 3
4;;;;;;Modelo de Negócios;Indicações de Interface;;;Gestão de Projectos;;;;Navegação na ferramenta;;Exemplos;;;;;;;;;Alguma coisa;;Etapa 3
4;Aspecto Visual;Navegação na ferramenta;;;;Modelo de Negócios;Indicações de Interface;;;;;;;;;Exemplos;;;;;;;;;Bastante;;Etapa 2
4;Aspecto Visual;Navegação na ferramenta;;;;Modelo de Negócios;Indicações de Interface;Mural de equipa;;Gestão de Projectos;;;;;;;Videos;;;;;;;;Imenso;;Caso não se lembre do número exacto da etapa indique aqui as áreas em que sentiu mais dificuldade.
4;Aspecto Visual;;;;;;;;;;;;;Navegação na ferramenta;;;;;Indicações de Interface;;;Gestão de Projectos;;;Bastante;;Etapa 2
4;Aspecto Visual;Navegação na ferramenta;Perguntas;Exemplos;Videos;Modelo de Negócios;Indicações de Interface;Mural de equipa;Gestão de equipa;Gestão de Projectos;;;;;;;;;;;;;nenhum... acho a plataforma muito bem coneguida;;Bastante;;Caso não se lembre do número exacto da etapa indique aqui as áreas em que sentiu mais dificuldade.
2;;Navegação na ferramenta;;;;;;;;;;;;;Perguntas;;Videos;;Indicações de Interface;;;;;;Alguma coisa;;Etapa 2
2;Aspecto Visual;;;;;;;Mural de equipa;;;;;;;;;;Modelo de Negócios;;Mural de equipa;;Gestão de Projectos;;;Alguma coisa;;Etapa 3
4;Aspecto Visual;Navegação na ferramenta;;;Videos;;;;;;;;;;Perguntas;;;;Indicações de Interface;;;Gestão de Projectos;;;Alguma coisa;;Etapa 2
4;;;;Exemplos;;Modelo de Negócios;Indicações de Interface;;;Gestão de Projectos;;;;Navegação na ferramenta;;;;;;;Gestão de equipa;;;;Alguma coisa;;Etapa 4
4;;Navegação na ferramenta;Perguntas;;Videos;Modelo de Negócios;;;;Gestão de Projectos;;;Aspecto Visual;;;;;;Indicações de Interface;;Gestão de equipa;;;;Imenso;;Etapa 4
4;;Navegação na ferramenta;;;;;;;;;;;;;Perguntas;;;;Indicações de Interface;;Gestão de equipa;;;;Bastante;;Etapa 4
3;Aspecto Visual;Navegação na ferramenta;;;;;;;;;;;;;;Exemplos;;Modelo de Negócios;Indicações de Interface;;;;;;Alguma coisa;;Etapa 2
3;Aspecto Visual;Navegação na ferramenta;;Exemplos;Videos;Modelo de Negócios;;;;;;;;;;;;;Indicações de Interface;Mural de equipa;Gestão de equipa;;;;Bastante;;Caso não se lembre do número exacto da etapa indique aqui as áreas em que sentiu mais dificuldade.
3;;Navegação na ferramenta;;Exemplos;;Modelo de Negócios;;;;;;;;;Perguntas;;Videos;;;;;;;;Pouco;;Etapa 4
4;Aspecto Visual;Navegação na ferramenta;;;Videos;Modelo de Negócios;;;Gestão de equipa;Gestão de Projectos;;;;;;Exemplos;;;;;;;;;Imenso;;Etapa 4
3;;Navegação na ferramenta;Perguntas;;Videos;Modelo de Negócios;;;;Gestão de Projectos;;;;;;Exemplos;;;Indicações de Interface;Mural de equipa;;;;;Bastante;;Caso não se lembre do número exacto da etapa indique aqui as áreas em que sentiu mais dificuldade.
4;;;;;;;;;;Gestão de Projectos;;;;Navegação na ferramenta;;;;;Indicações de Interface;;Gestão de equipa;;;;Bastante;;Etapa 1
2;Aspecto Visual;;;Exemplos;Videos;;;;;;;;;;;;;Modelo de Negócios;;;;Gestão de Projectos;Termos muito técnicos para leigos;;Pouco;;Caso não se lembre do número exacto da etapa indique aqui as áreas em que sentiu mais dificuldade.
2;Aspecto Visual;;;;;;;;;;;;;Navegação na ferramenta;;Exemplos;;;Indicações de Interface;;;;;;Alguma coisa;;Etapa 4
4;;Navegação na ferramenta;;;;Modelo de Negócios;;Mural de equipa;;;;;;;Perguntas;Exemplos;;;Indicações de Interface;;;;;;Alguma coisa;;Etapa 3
2;Aspecto Visual;;Perguntas;Exemplos;Videos;;Indicações de Interface;;;Gestão de Projectos;;;;Navegação na ferramenta;;;;Modelo de Negócios;;Mural de equipa;Gestão de equipa;;;;Bastante;;Etapa 3
3;Aspecto Visual;;Perguntas;Exemplos;;;;;;;;;;;;Exemplos;Videos;;;;Gestão de equipa;;;;Alguma coisa;;Etapa 3
;;;;;;;;;;;;;;;;;;;;;;;;;;;
4;;Navegação na ferramenta;;;Videos;Modelo de Negócios;;;;;;;;;Perguntas;;;;Indicações de Interface;Mural de equipa;;;;;Alguma coisa;;
;;;;;;;;;;;;;;;;;;;;;;;;;;;
4;;;Perguntas;Exemplos;Videos;Modelo de Negócios;Indicações de Interface;;;;;;;Navegação na ferramenta;;;;;;;;;;;Bastante;;Caso não se lembre do número exacto da etapa indique aqui as áreas em que sentiu mais dificuldade.
4;;Navegação na ferramenta;Perguntas;;;Modelo de Negócios;;;;Gestão de Projectos;;;;;;;;;;;Gestão de equipa;;Nao desgostei de algo em particular. ACho que foi eficiente e facil de utilizar.;;Bastante;;Etapa 3
4;;;;Exemplos;Videos;Modelo de Negócios;;;;;;;;;;;;;;Mural de equipa;;Gestão de Projectos;nada mais a apontar;;Alguma coisa;;Etapa 4
3;;Navegação na ferramenta;;;;Modelo de Negócios;Indicações de Interface;;;Gestão de Projectos;;;Aspecto Visual;;;;;;;Mural de equipa;Gestão de equipa;;;;Alguma coisa;;Etapa 4
4;Aspecto Visual;Navegação na ferramenta;;Exemplos;;Modelo de Negócios;;;Gestão de equipa;Gestão de Projectos;;;;;Perguntas;Exemplos;;;;Mural de equipa;;;;;Bastante;;Etapa 4
2;;;;;;Modelo de Negócios;;;;;;;;;;Exemplos;Videos;;Indicações de Interface;Mural de equipa;Gestão de equipa;Gestão de Projectos;;;Pouco;;Etapa 3
2;;;Perguntas;Exemplos;;Modelo de Negócios;;;;;;;;Navegação na ferramenta;;;;;Indicações de Interface;;;;Falta de explicações do mecanismos por trás dos calculos apresentados...;;Alguma coisa;;Etapa 4
2;Aspecto Visual;Navegação na ferramenta;;;;Modelo de Negócios;;;;;;;;;Perguntas;;;;Indicações de Interface;Mural de equipa;;;;;Alguma coisa;;Caso não se lembre do número exacto da etapa indique aqui as áreas em que sentiu mais dificuldade.
3;Aspecto Visual;Navegação na ferramenta;;;;;Indicações de Interface;Mural de equipa;;;;;;;;Exemplos;;;;;Gestão de equipa;Gestão de Projectos;;;Alguma coisa;;Caso não se lembre do número exacto da etapa indique aqui as áreas em que sentiu mais dificuldade.
3;Aspecto Visual;;Perguntas;Exemplos;;;;;;;;;;;;;Videos;Modelo de Negócios;Indicações de Interface;;;;;;Alguma coisa;;Etapa 4
;;;;;;;;;;;;;;;;;;;;;;;;;;;
3;;Navegação na ferramenta;;;;;;;;;;;;;;Exemplos;;;Indicações de Interface;;;;Em alguns casos espaço para texto curto e em outros excessivo.;;Alguma coisa;;Etapa 4
3;;;;Exemplos;Videos;Modelo de Negócios;;;;;bhjhbjh;;Aspecto Visual;Navegação na ferramenta;Perguntas;;;;;;Gestão de equipa;Gestão de Projectos;bhhj;;Bastante;;Etapa 4
4;Aspecto Visual;;Perguntas;;Videos;;;;;;;;;;;;;;;;;;planilha de investimentos;;Imenso;;Etapa 4
1;;;;;Videos;;;;;;;;;;;;;;Indicações de Interface;;;;;;Nada;;Etapa 1
;;;;;;;;;;;;;;;;;;;;;;;;;;;
4;Aspecto Visual;Navegação na ferramenta;;;;Modelo de Negócios;;;;;;;;;Perguntas;;;;;Mural de equipa;Gestão de equipa;;;;Bastante;;Etapa 3
4;Aspecto Visual;;;;;Modelo de Negócios;Indicações de Interface;;;Gestão de Projectos;Sem esta ferramenta nunca teria conseguido criar um plano financeiro para 3 anos.;;;;;;;;;;;;Na verdade, fiquei grandemente agradado com a ferramenta que não conhecia e que já recomendei a um amigo que tem uma empresa de formação.;;Imenso;;Etapa 4
4;Aspecto Visual;;;;Videos;;;;;;;;;;Perguntas;;;;;;;;;;Bastante;;Etapa 3
1;;;;;;;;;;;não tenho aspectos preferidos;;Aspecto Visual;Navegação na ferramenta;;Exemplos;;;;;;;;;Alguma coisa;;Etapa 2
3;;;Perguntas;;;Modelo de Negócios;;;;;;;;;Perguntas;Exemplos;;;;;;Gestão de Projectos;;;Pouco;;Etapa 3
2;;;;;;;;;;;fácil de usar;;;;;;;;;;;;Não está direccionada para projectos sociais;;Nada;;Caso não se lembre do número exacto da etapa indique aqui as áreas em que sentiu mais dificuldade.
;;;;;;;;;;;;;;;;;;;;;;;;;;;
3;;;Perguntas;Exemplos;;;;;;Gestão de Projectos;;;;Navegação na ferramenta;;;;;Indicações de Interface;Mural de equipa;;;;;Imenso;;Etapa 4
4;Aspecto Visual;;;Exemplos;;Modelo de Negócios;Indicações de Interface;;;;;;;;;;;;;;;Gestão de Projectos;;;Alguma coisa;;Caso não se lembre do número exacto da etapa indique aqui as áreas em que sentiu mais dificuldade.
2;Aspecto Visual;Navegação na ferramenta;;;;;;;;;;;;;Perguntas;Exemplos;Videos;Modelo de Negócios;Indicações de Interface;;;;;;Alguma coisa;;Etapa 4
3;Aspecto Visual;Navegação na ferramenta;;;;;;;;Gestão de Projectos;;;;;;Exemplos;Videos;;;;Gestão de equipa;;;;Alguma coisa;;Etapa 3
4;;;;;;Modelo de Negócios;Indicações de Interface;;Gestão de equipa;Gestão de Projectos;;;Aspecto Visual;Navegação na ferramenta;;Exemplos;;;;;;;;;Bastante;;Etapa 2
;;;;;;;;;;;;;;;;;;;;;;;;;;;
3;Aspecto Visual;;Perguntas;;;;;;;;;;;;;;;;;;Gestão de equipa;Gestão de Projectos;;;Alguma coisa;;
;;;;;;;;;;;;;;;;;;;;;;;;;;;
4;Aspecto Visual;Navegação na ferramenta;;;;Modelo de Negócios;;;;Gestão de Projectos;;;;;;;Videos;;;Mural de equipa;Gestão de equipa;;;;Bastante;;Etapa 4
3;;Navegação na ferramenta;;Exemplos;Videos;;;;;;;;;;;;;;;Mural de equipa;;;;;Bastante;;Etapa 4
3;;Navegação na ferramenta;;Exemplos;;Modelo de Negócios;;;;;;;;;Perguntas;;;;;;;;;;Bastante;;Etapa 4
3;;Navegação na ferramenta;;;;Modelo de Negócios;;;;Gestão de Projectos;;;;;;Exemplos;;;;Mural de equipa;;;Nas FAQ as respostas não são sempre claras;;Imenso;;Etapa 3
1;;Navegação na ferramenta;;;Videos;;;;;;;;;;Perguntas;;;;Indicações de Interface;;;Gestão de Projectos;;;Pouco;;Etapa 4
3;Aspecto Visual;Navegação na ferramenta;;;;;;;;Gestão de Projectos;;;;;Perguntas;;;;Indicações de Interface;;Gestão de equipa;;;;Alguma coisa;;Etapa 4
2;Aspecto Visual;;;;;;;;;;;;;;Perguntas;;;;;Mural de equipa;;;;;Alguma coisa;;Etapa 4
4;;Navegação na ferramenta;;;Videos;;;;;;;;;;;;;;Indicações de Interface;Mural de equipa;;;Indice pouco direto;;Bastante;;Caso não se lembre do número exacto da etapa indique aqui as áreas em que sentiu mais dificuldade.
1;;;;;;;;;;;nenhum;;Aspecto Visual;;;Exemplos;;;;;;Gestão de Projectos;;;Nada;;Caso não se lembre do número exacto da etapa indique aqui as áreas em que sentiu mais dificuldade.
3;;;;Exemplos;;Modelo de Negócios;;Mural de equipa;;;;;;;;Exemplos;Videos;;;;;Gestão de Projectos;;;Bastante;;Etapa 4
;;;;;;;;;;;;;;;;;;;;;;;;;;;
2;;;Perguntas;;;Modelo de Negócios;;;;;;;;Navegação na ferramenta;;;;;;;;;;;Pouco;;Etapa 3
1;;Navegação na ferramenta;;;;;;;;;;;;;;;;;;;;Gestão de Projectos;;;Nada;;
4;;Navegação na ferramenta;Perguntas;;Videos;Modelo de Negócios;Indicações de Interface;Mural de equipa;;Gestão de Projectos;;;Aspecto Visual;;;Exemplos;;;;;;;Não tenho nada que no tenha gostado;;Imenso;;Etapa 4
4;;;;;Videos;;;;Gestão de equipa;Gestão de Projectos;;;;;Perguntas;Exemplos;;Modelo de Negócios;;;;;;;Bastante;;Caso não se lembre do número exacto da etapa indique aqui as áreas em que sentiu mais dificuldade.
3;;;;;Videos;;;;;;;;Aspecto Visual;Navegação na ferramenta;;;;;Indicações de Interface;;;;;;Alguma coisa;;Etapa 4
2;;;;;Videos;;Indicações de Interface;;;;;;;Navegação na ferramenta;Perguntas;;;;;;;;Falta de apoio por parte do programa;;Alguma coisa;;Etapa 3
4;;;Perguntas;;Videos;Modelo de Negócios;Indicações de Interface;;Gestão de equipa;Gestão de Projectos;;;;Navegação na ferramenta;;;;;;;;;Limite de carateres de resposta em algumas fases e impossibilidade de gravar continuamente a informação;;Bastante;;Etapa 4
2;;;;;;;;;;;Não posso especificar porque fiquei bloqueado;;;;;;;;;;;;Não posso especificar porque fiquei bloqueado;;Alguma coisa;;Etapa 4
2;;;;Exemplos;;;;;;Gestão de Projectos;;;;;;;;Modelo de Negócios;Indicações de Interface;Mural de equipa;;;;;Alguma coisa;;Etapa 2
4;Aspecto Visual;Navegação na ferramenta;Perguntas;;Videos;Modelo de Negócios;Indicações de Interface;;Gestão de equipa;Gestão de Projectos;;;;;;;;;;;;;gostei muito de tudo , parabéns !;;Bastante;;Caso não se lembre do número exacto da etapa indique aqui as áreas em que sentiu mais dificuldade.
4;Aspecto Visual;Navegação na ferramenta;Perguntas;Exemplos;Videos;Modelo de Negócios;;;;Gestão de Projectos;;;;;;;Videos;;;;;;;;Alguma coisa;;Caso não se lembre do número exacto da etapa indique aqui as áreas em que sentiu mais dificuldade.
3;;;;Exemplos;Videos;Modelo de Negócios;;;;;;;;Navegação na ferramenta;;;;;Indicações de Interface;Mural de equipa;;;;;Bastante;;Etapa 4
2;;Navegação na ferramenta;;;;;;;;;;;;;;Exemplos;Videos;Modelo de Negócios;;;;;;;Pouco;;Caso não se lembre do número exacto da etapa indique aqui as áreas em que sentiu mais dificuldade.
3;;;;Exemplos;;Modelo de Negócios;;;;Gestão de Projectos;;;Aspecto Visual;Navegação na ferramenta;;Exemplos;;;;;;;;;Alguma coisa;;Etapa 4
3;;Navegação na ferramenta;Perguntas;Exemplos;;;;;;;;;;;;;Videos;;;;;;;;Bastante;;Etapa 4
3;;;;;;Modelo de Negócios;Indicações de Interface;;;Gestão de Projectos;;;;Navegação na ferramenta;;;Videos;;Indicações de Interface;;;;;;Alguma coisa;;Etapa 4
3;Aspecto Visual;Navegação na ferramenta;;;Videos;;;;;;;;;;Perguntas;;;Modelo de Negócios;;;;Gestão de Projectos;;;Alguma coisa;;Etapa 4
4;;Navegação na ferramenta;;Exemplos;;Modelo de Negócios;;;;;;;Aspecto Visual;;;;;;Indicações de Interface;Mural de equipa;;;;;Bastante;;Etapa 4
4;;Navegação na ferramenta;;Exemplos;;Modelo de Negócios;;;;;;;;;;;;;Indicações de Interface;Mural de equipa;Gestão de equipa;;;;Bastante;;Etapa 4
3;;;Perguntas;;;Modelo de Negócios;;;;;;;Aspecto Visual;Navegação na ferramenta;;;;;;;;;;;Alguma coisa;;Caso não se lembre do número exacto da etapa indique aqui as áreas em que sentiu mais dificuldade.
4;;Navegação na ferramenta;;;Videos;Modelo de Negócios;;;;;;;;;Perguntas;Exemplos;;;;Mural de equipa;;;;;Bastante;;Etapa 4
;;;;;;;;;;;;;;;;;;;;;;;;;;;
;;;;;;;;;;;;;;;;;;;;;;;;;;;
2;;Navegação na ferramenta;;;Videos;;;;;;;;;;;;;;;;Gestão de equipa;Gestão de Projectos;...;;Pouco;;Etapa 4
;;;;;;;;;;;;;;;;;;;;;;;;;;;
3;;;;Exemplos;Videos;;;;;;;;;;;;;;;Mural de equipa;;;Pouco profundo em alguns aspectos;;Alguma coisa;;Caso não se lembre do número exacto da etapa indique aqui as áreas em que sentiu mais dificuldade.
3;Aspecto Visual;;;;;Modelo de Negócios;;;Gestão de equipa;;;;;Navegação na ferramenta;;Exemplos;;;Indicações de Interface;;;;Falta de feedback;;Alguma coisa;;Etapa 4
