"Está satisfeito com a ferramenta DreamShaper?(Classifique de 1 a 4, sendo 1: Nada satisfeito e 4: Muito Satisfeito)",Quais são os seus 3 aspectos preferidos da ferramenta ? Aspecto Visual,Quais são os seus 3 aspectos preferidos da ferramenta ? Navegação na Ferramenta,Quais são os seus 3 aspectos preferidos da ferramenta ? Perguntas,Quais são os seus 3 aspectos preferidos da ferramenta ? Exemplos,Quais são os seus 3 aspectos preferidos da ferramenta ? Vídeos,Quais são os seus 3 aspectos preferidos da ferramenta ? Modelo de negócios,Quais são os seus 3 aspectos preferidos da ferramenta ? Indicações de Interface,Quais são os seus 3 aspectos preferidos da ferramenta ? Mural de equipa,Quais são os seus 3 aspectos preferidos da ferramenta ?  Gestão de equipa,Quais são os seus 3 aspectos preferidos da ferramenta ? Gestão de projectos,Quais são os seus 3 aspectos preferidos da ferramenta ? Outros,E quais são os 3 aspectos que menos gosta? Aspecto visual,E quais são os 3 aspectos que menos gosta? Navegação na ferramenta,E quais são os 3 aspectos que menos gosta? Perguntas,E quais são os 3 aspectos que menos gosta? Exemplos,E quais são os 3 aspectos que menos gosta? Vídeos,E quais são os 3 aspectos que menos gosta? Modelo de negócios,E quais são os 3 aspectos que menos gosta? Indicações de interface,E quais são os 3 aspectos que menos gosta? Mural de equipa,E quais são os 3 aspectos que menos gosta? Gestão de equipa,E quais são os 3 aspectos que menos gosta? Gestão de projectos,E quais são os 3 aspectos que menos gosta? Outros,Quanto aprendeu com a DreamShaper?,Quanto aprendeu com a DreamShaper?Encod
4.0,0,0,1,1,0,0,1,0,0,0,,0,1,0,0,0,0,0,0,0,1,O local onde mostra o progresso do projeto não é claro,Alguma coisa,3.0
4.0,0,1,0,1,0,1,0,0,0,0,,0,0,0,0,0,0,0,1,1,1,,Bastante,4.0
4.0,0,1,1,0,0,0,0,0,0,0,,0,0,0,1,0,0,0,0,0,0,,Alguma coisa,3.0
4.0,1,1,0,1,0,0,0,0,0,0,,0,0,0,0,0,1,1,0,0,1,,Bastante,4.0
4.0,0,0,1,0,1,0,1,0,0,0,,0,1,0,1,0,1,0,0,0,0,,Alguma coisa,3.0
4.0,1,0,0,1,0,0,1,0,0,1,,0,0,0,0,1,0,0,1,1,0,,Alguma coisa,3.0
4.0,1,0,1,0,0,1,0,0,0,0,,0,0,0,0,1,0,0,0,0,0,,Bastante,4.0
4.0,0,0,0,1,0,1,0,0,0,1,,1,0,1,0,0,0,1,0,0,0,,Bastante,4.0
3.0,0,0,0,1,1,1,0,0,0,0,,1,1,1,0,0,0,0,0,0,0,,Bastante,4.0
3.0,0,1,1,0,0,0,0,0,0,1,,0,1,0,1,0,1,0,0,0,0,,Alguma coisa,3.0
4.0,0,1,0,0,0,1,1,0,0,1,,0,0,1,1,0,0,0,0,0,0,,Alguma coisa,3.0
3.0,0,0,0,0,0,1,0,0,0,1,,0,1,0,0,0,0,1,0,0,1,,Alguma coisa,3.0
4.0,0,1,0,0,1,0,0,1,0,0,,1,0,0,1,0,0,0,0,0,1,,Bastante,4.0
3.0,1,1,0,0,1,0,0,0,0,0,,0,0,0,0,0,0,0,0,0,1,,Alguma coisa,3.0
4.0,0,1,1,1,0,1,0,0,0,0,,1,0,0,0,0,0,0,0,1,0,não tenho aspectos negativos,Imenso,5.0
4.0,0,1,1,0,0,1,0,0,0,1,,1,0,0,0,1,0,0,1,0,0,,Imenso,5.0
4.0,1,1,0,1,1,1,0,0,0,0,,0,0,0,0,0,0,0,0,0,0,não encontrei nenhum aspecto que menos gostasse,Bastante,4.0
4.0,1,0,1,1,1,0,0,0,0,0,,0,0,0,0,0,0,0,0,0,0,nada a acrescentar,Alguma coisa,3.0
2.0,0,0,0,0,0,1,0,0,0,0,,1,1,0,0,0,0,0,1,0,0,,Pouco,2.0
4.0,0,1,0,0,1,1,0,0,0,0,,1,0,0,1,0,0,0,0,0,1,,Bastante,4.0
4.0,0,1,1,1,1,1,0,0,0,0,,1,0,0,0,0,0,1,1,0,0,,Imenso,5.0
,0,0,0,0,0,0,0,0,0,0,,0,0,0,0,0,0,0,0,0,0,,,
4.0,0,1,0,0,1,0,0,0,0,1,,0,0,1,1,0,0,1,0,0,0,,Bastante,4.0
3.0,0,0,0,0,0,1,1,0,0,1,,1,1,0,0,0,0,1,0,0,0,,Alguma coisa,3.0
4.0,0,1,0,0,1,0,0,0,0,0,,0,0,0,1,0,0,0,0,0,0,,Bastante,4.0
4.0,1,0,0,0,0,1,0,0,0,0,,0,0,0,1,0,0,0,0,1,1,,Alguma coisa,3.0
3.0,1,0,1,0,1,1,0,0,0,1,,0,1,0,1,0,0,0,1,0,0,,Alguma coisa,3.0
4.0,1,1,0,1,0,0,0,0,0,0,,0,0,0,0,1,0,0,1,1,0,,Alguma coisa,3.0
,0,0,0,0,0,0,0,0,0,0,,0,0,0,0,0,0,0,0,0,0,,,
,0,0,0,0,0,0,0,0,0,0,,0,0,0,0,0,0,0,0,0,0,,,
3.0,1,0,0,0,0,1,0,0,0,0,,0,1,1,0,0,0,0,0,0,1,,Bastante,4.0
4.0,1,1,0,1,0,0,0,0,0,1,,0,0,0,0,1,0,1,0,1,0,,Alguma coisa,3.0
4.0,1,1,1,0,1,1,0,0,0,0,,0,1,0,1,0,0,1,0,0,0,,Bastante,4.0
4.0,1,1,1,0,0,1,1,0,0,1,,0,0,0,1,1,0,0,1,0,0,,Bastante,4.0
3.0,0,1,0,0,0,1,1,0,0,0,,0,0,0,0,1,0,0,1,0,1,,Pouco,2.0
4.0,1,0,0,1,0,1,0,0,0,0,,0,0,0,0,0,0,1,1,0,1,,Bastante,4.0
1.0,0,0,0,0,0,0,0,0,0,0,......,1,1,1,0,0,0,0,0,0,0,,Nada,1.0
4.0,1,1,0,0,0,1,0,0,1,1,,0,0,0,0,0,0,0,1,0,0,,Bastante,4.0
3.0,0,0,0,0,0,0,0,0,0,1,,0,0,0,0,0,0,0,0,0,0,falta de um contacto direto,Imenso,5.0
3.0,1,0,0,0,0,1,0,0,0,1,,0,1,0,0,1,0,0,0,0,0,,Bastante,4.0
4.0,1,1,0,0,1,0,0,0,0,0,,0,0,0,1,0,0,0,0,0,1,falta de modelos de negocio,Bastante,4.0
4.0,0,1,1,1,1,0,0,0,0,0,Este modelo tem a vantagem de concretizar os passos de forma estruturante,0,0,0,0,0,0,1,1,0,1,,Alguma coisa,3.0
3.0,0,1,0,1,1,0,0,0,0,0,,0,0,1,0,0,0,0,0,1,0,Não ter um canal mais acessível para esclarecimento de dúvidas e orientação no decorrer das fases.,Bastante,4.0
3.0,0,0,1,0,0,1,0,0,0,1,,0,1,0,0,0,0,0,0,0,0,,Bastante,4.0
3.0,0,0,0,1,0,0,1,0,0,0,,0,0,1,0,0,0,0,0,0,1,,Alguma coisa,3.0
4.0,1,1,0,1,0,1,0,0,0,1,,0,0,0,0,0,0,1,1,1,0,,Alguma coisa,3.0
3.0,0,1,0,0,1,1,0,0,0,0,,0,0,0,1,0,0,0,1,1,0,,Bastante,4.0
3.0,1,1,0,0,1,0,0,0,1,1,,0,0,0,0,0,0,1,0,0,0,,Alguma coisa,3.0
3.0,0,1,1,1,1,0,0,0,0,0,,0,0,0,0,0,0,1,1,1,0,,Bastante,4.0
3.0,1,0,0,1,0,0,1,0,0,0,,0,0,1,0,1,0,0,0,1,0,,Bastante,4.0
4.0,0,0,1,1,1,1,0,0,1,1,,1,1,0,0,0,0,0,1,0,0,,Bastante,4.0
4.0,1,1,0,0,0,1,0,0,0,1,,0,0,0,0,0,0,0,0,0,0,Nenhum,Bastante,4.0
3.0,0,0,0,0,0,0,0,0,0,1,,0,0,1,1,0,0,0,0,0,0,as edições anteriores ainda estarem em funcionamento.,Alguma coisa,3.0
3.0,0,1,0,0,0,0,0,0,0,0,,0,0,1,0,1,0,0,1,0,0,,Alguma coisa,3.0
4.0,1,1,0,0,0,1,0,0,0,0,,0,0,0,0,0,0,0,0,0,0,Considero a ferramenta muito boa,Bastante,4.0
3.0,0,0,0,1,0,0,0,0,0,0,,1,0,1,0,0,0,0,1,0,0,,Alguma coisa,3.0
3.0,1,0,0,0,0,0,0,0,0,0,,0,0,0,0,0,1,0,0,1,1,,Alguma coisa,3.0
3.0,0,0,1,0,0,1,0,0,0,1,,0,1,0,0,0,0,0,0,0,0,,Imenso,5.0
3.0,1,1,0,0,0,1,1,1,1,1,,0,0,1,1,1,0,0,0,0,0,,Bastante,4.0
3.0,0,1,0,1,0,1,0,0,0,0,,0,0,1,0,0,0,1,0,0,0,não funciona sem ser com Chrome,Bastante,4.0
4.0,1,1,0,0,0,0,1,0,0,1,,0,0,1,0,1,0,1,0,0,0,,Alguma coisa,3.0
4.0,1,0,0,0,1,1,1,0,0,1,,0,1,1,0,0,0,0,0,1,0,,Bastante,4.0
4.0,0,1,0,1,0,1,0,0,0,0,,1,1,0,0,0,0,0,0,0,0,"na verdade não tenho nada a apontar, as restantes respostas foram colocadas por pura imposição",Bastante,4.0
4.0,0,0,0,0,0,1,0,0,0,0,,0,0,0,0,0,0,0,0,0,0,Não há.,Alguma coisa,3.0
4.0,1,0,0,0,0,0,1,0,0,0,,0,0,0,1,1,1,0,0,0,0,,Bastante,4.0
4.0,1,1,0,0,1,1,0,0,0,0,,0,0,0,0,0,0,0,0,1,0,,Alguma coisa,3.0
4.0,1,1,0,0,0,1,0,0,0,0,,0,0,0,0,1,0,0,0,0,0,,Bastante,4.0
4.0,0,1,0,1,0,1,0,0,1,1,,0,0,1,0,1,0,0,1,0,0,,Alguma coisa,3.0
3.0,1,0,0,0,0,0,0,0,0,0,,0,0,1,0,1,0,0,1,0,0,,Bastante,4.0
4.0,1,0,1,1,1,0,0,0,0,0,,0,0,0,1,0,0,0,0,0,0,,Bastante,4.0
4.0,1,1,0,0,0,0,0,0,0,0,,0,0,0,0,0,0,0,0,0,0,"impossibilidade de colocar parágrafos, o que torna a leitura mais difícil",Alguma coisa,3.0
4.0,0,0,0,0,1,1,0,0,1,1,,1,1,1,0,0,0,0,0,0,0,,Bastante,4.0
4.0,1,0,1,0,1,1,1,0,1,1,,0,1,0,1,0,0,0,1,0,0,,Imenso,5.0
2.0,1,0,0,0,0,0,0,0,0,0,,0,1,0,0,0,0,0,0,0,0,,Alguma coisa,3.0
3.0,1,1,0,1,1,0,0,0,0,0,,0,1,0,0,0,0,1,0,1,0,,Bastante,4.0
4.0,1,1,0,0,0,0,1,0,0,0,,0,0,0,0,1,0,1,0,0,1,,Bastante,4.0
4.0,0,0,1,1,0,1,1,0,1,0,,1,1,0,0,1,0,0,0,0,0,,Bastante,4.0
3.0,1,0,1,0,0,1,0,0,0,0,,0,0,1,0,0,1,1,0,0,0,,Alguma coisa,3.0
4.0,1,1,0,0,1,1,0,0,0,1,,0,0,0,1,0,0,1,0,0,0,,Bastante,4.0
4.0,0,1,0,0,0,0,1,0,0,1,,0,0,0,1,1,0,0,1,0,0,,Bastante,4.0
4.0,1,1,0,1,1,1,0,0,1,0,,0,0,0,0,0,0,1,0,0,0,,Imenso,5.0
4.0,0,1,0,0,0,1,0,0,0,1,,0,0,0,0,0,0,1,1,1,0,,Bastante,4.0
4.0,1,0,1,0,0,1,0,0,0,0,,0,0,0,0,0,0,0,0,0,0,"acho muito interessante esse projecto, é uma oportunidade para jovem por em pratica os seus sonhos e ideias, não vejo a hora de por as minhas ideias na pratica",Bastante,4.0
4.0,1,0,0,1,1,0,0,0,0,0,,0,0,1,0,0,0,0,1,1,0,,Bastante,4.0
4.0,1,1,0,0,0,0,0,0,0,1,,0,0,1,0,1,0,1,0,0,0,,Bastante,4.0
4.0,0,1,0,0,1,1,1,0,0,0,,1,0,0,0,0,0,0,1,1,0,,Imenso,5.0
2.0,1,0,0,0,0,0,0,0,0,0,,0,0,1,0,0,1,1,0,0,0,,Alguma coisa,3.0
3.0,0,0,0,1,1,0,1,0,0,0,,0,1,1,1,0,0,0,0,0,0,,Bastante,4.0
4.0,0,1,0,0,1,0,1,0,0,0,,1,0,0,1,0,0,0,0,1,0,,Alguma coisa,3.0
4.0,0,0,0,0,1,1,1,0,0,0,,0,0,1,0,0,0,0,0,0,0,,Imenso,5.0
3.0,0,1,0,1,1,1,0,0,0,0,,0,0,0,0,0,0,0,1,1,0,,Alguma coisa,3.0
4.0,0,1,0,1,1,0,0,0,0,1,,0,0,1,0,0,0,0,0,0,0,,Imenso,5.0
4.0,1,1,0,1,1,0,0,0,0,0,,0,0,0,0,0,1,0,0,1,1,,Alguma coisa,3.0
4.0,0,1,0,1,1,0,0,0,0,0,,1,0,0,0,0,0,0,0,0,0,"só podia ser mais tom claro, de resto esta bem concebido",Bastante,4.0
3.0,1,1,0,0,0,0,0,0,0,0,,0,0,1,0,0,1,0,0,0,0,,Alguma coisa,3.0
3.0,1,0,0,0,0,0,0,0,0,0,,0,0,1,1,1,0,0,0,0,0,,Alguma coisa,3.0
4.0,0,0,0,0,0,1,0,0,1,1,,1,0,1,1,0,0,0,0,0,0,,Bastante,4.0
3.0,1,1,0,0,0,1,0,0,0,0,,0,0,0,1,0,0,1,0,0,1,,Bastante,4.0
4.0,1,1,1,1,0,1,0,0,0,0,,0,0,0,0,1,0,1,1,0,0,,Bastante,4.0
4.0,1,1,0,0,1,1,0,0,0,0,,0,0,1,0,0,0,0,0,0,0,,Bastante,4.0
4.0,0,0,0,1,0,1,1,0,0,0,,0,0,1,0,0,0,0,0,0,0,,Alguma coisa,3.0
3.0,0,1,0,0,0,1,0,0,0,1,,0,0,1,1,0,0,1,0,0,0,,Bastante,4.0
4.0,1,1,0,1,0,1,1,0,0,0,,0,0,1,0,0,0,0,0,0,0,,Bastante,4.0
4.0,0,1,0,0,0,0,1,1,1,0,,0,0,0,1,0,0,0,0,0,0,,Bastante,4.0
3.0,0,0,0,1,1,1,0,0,0,0,,0,0,1,0,0,0,0,0,0,0,,Alguma coisa,3.0
3.0,0,1,0,1,1,0,0,0,0,0,,0,0,1,0,0,0,1,0,0,1,,Alguma coisa,3.0
4.0,0,0,0,1,1,0,0,0,0,0,,0,1,0,0,0,0,0,0,0,0,,Bastante,4.0
4.0,1,1,1,0,0,0,0,0,0,0,,0,0,0,0,0,1,1,0,0,1,,Bastante,4.0
4.0,1,0,0,1,1,0,0,0,1,0,,0,0,0,0,0,1,1,1,0,0,,Bastante,4.0
3.0,0,0,0,1,1,0,0,0,0,0,,0,0,0,0,0,0,0,1,1,0,,Alguma coisa,3.0
3.0,0,0,0,1,1,1,0,0,0,0,,0,0,1,0,0,0,0,0,0,0,as perguntas são por vezes dificeis de enquadrar no nosso projeto,Bastante,4.0
4.0,0,1,1,1,0,0,0,0,0,1,,0,0,1,0,0,1,1,0,0,0,,Bastante,4.0
4.0,1,0,1,1,1,0,0,0,0,0,,0,0,1,0,0,0,1,1,0,0,,Bastante,4.0
4.0,1,0,0,1,1,0,0,0,0,1,,0,0,0,0,0,0,1,1,1,0,,Imenso,5.0
4.0,0,1,0,1,1,0,0,0,0,0,,0,0,0,0,0,0,0,1,1,1,,Imenso,5.0
3.0,0,0,1,0,0,1,0,0,0,1,,0,0,0,1,0,0,1,1,0,0,,Alguma coisa,3.0
3.0,0,1,1,1,1,0,0,0,0,0,,0,0,0,0,0,0,0,1,0,1,,Bastante,4.0
4.0,0,1,0,1,1,1,0,0,0,0,Orientação dos elementos principais para desenvolver uma ideia de negócio,0,0,0,0,0,1,0,1,0,0,"A título de sugestão, o mural poderia ser editável para pormos o nosso logo, slogan e uma imagem do produto ou ideia, mas está muito claro e virado para o utilizador inexperiente em negócios :)",Imenso,5.0
4.0,1,1,0,0,1,1,0,0,0,0,,0,0,0,1,0,0,0,1,1,0,,Alguma coisa,3.0
3.0,0,0,1,1,1,1,1,0,0,0,,1,1,0,0,0,0,0,0,0,0,explicações de alguns tarefas,Bastante,4.0
2.0,1,1,0,0,1,0,0,0,0,0,,0,0,1,1,0,0,0,0,0,0,Podia ter mais vídeos; há perguntas pouco esclarecedoras; quase nenhuns exemplos.,Alguma coisa,3.0
4.0,1,0,1,0,1,0,0,0,0,0,Organização por etapas,0,0,0,0,0,0,0,0,0,0,Nada a apontar,Bastante,4.0
4.0,0,0,1,0,1,0,0,0,0,0,,1,1,0,1,0,0,0,0,0,0,,Imenso,5.0
4.0,0,1,1,1,0,1,0,0,0,0,,1,0,0,0,0,0,1,0,1,0,,Bastante,4.0
3.0,0,0,0,1,1,1,0,0,0,0,,0,1,0,0,0,0,1,0,0,1,,Bastante,4.0
3.0,0,0,0,1,1,1,0,0,0,0,,1,0,0,0,0,0,0,0,0,0,,Alguma coisa,3.0
4.0,0,1,0,1,1,0,0,0,0,0,,0,0,1,0,0,0,1,1,0,0,,Alguma coisa,3.0
4.0,0,1,0,0,1,1,0,0,0,0,,0,0,0,1,0,0,0,0,0,0,,Bastante,4.0
3.0,1,1,0,1,1,0,0,0,0,0,,0,0,0,0,0,0,0,0,0,1,,Alguma coisa,3.0
3.0,1,1,0,1,1,1,0,0,0,1,,0,1,0,0,0,0,1,0,1,0,,Bastante,4.0
4.0,0,1,1,0,0,1,0,0,0,0,,0,0,0,0,0,0,0,0,0,0,Estar pouco adaptado para a prestação de serviços,Imenso,5.0
4.0,0,0,1,1,1,0,0,0,0,0,,0,1,0,0,0,0,1,1,0,0,,Imenso,5.0
4.0,0,0,0,0,1,1,0,0,0,0,,0,0,1,0,0,0,0,0,1,1,,Bastante,4.0
3.0,1,0,0,0,1,0,0,0,0,0,,0,0,1,0,0,1,0,0,0,0,tão poucas letras para tão grande projeto,Bastante,4.0
4.0,0,1,0,1,1,0,0,0,0,1,,1,0,0,0,0,0,0,1,1,0,,Bastante,4.0
3.0,1,0,1,0,0,1,0,0,0,0,,0,1,0,0,1,0,1,0,0,0,,Bastante,4.0
4.0,1,0,0,1,1,1,0,0,0,0,,0,1,0,0,0,0,0,0,1,0,,Bastante,4.0
4.0,1,0,0,0,0,1,0,0,0,1,,0,0,1,1,0,0,1,0,0,0,,Bastante,4.0
4.0,1,1,0,0,0,0,0,0,0,0,,0,0,0,0,1,0,0,0,1,1,,Alguma coisa,3.0
3.0,1,0,1,0,0,1,0,0,0,0,,0,0,0,1,0,0,0,1,1,0,,Alguma coisa,3.0
4.0,0,1,1,0,0,1,0,0,0,0,,0,0,0,1,1,0,1,0,0,0,,Imenso,5.0
4.0,1,0,0,1,0,0,1,0,0,0,,0,0,0,0,0,0,0,1,0,0,,Bastante,4.0
4.0,0,1,0,0,0,1,1,0,0,0,,0,0,0,0,0,0,0,0,0,0,Nenhum,Bastante,4.0
,0,0,0,0,0,0,0,0,0,0,,0,0,0,0,0,0,0,0,0,0,,,
3.0,0,0,0,0,1,1,0,0,0,1,,0,1,1,1,0,0,0,0,0,0,,Bastante,4.0
4.0,0,1,0,0,1,1,0,0,0,0,,0,0,0,0,0,0,1,1,1,0,,Bastante,4.0
4.0,0,1,0,1,1,0,0,0,0,0,,0,0,0,0,0,0,1,0,0,0,,Bastante,4.0
1.0,1,1,0,1,1,0,0,0,0,0,,0,0,0,0,0,0,0,1,1,0,Selecionei esta opção para poder avançar porque não tenho aspectos negativos a assinalar,Bastante,4.0
4.0,1,1,0,0,1,0,0,0,0,1,,0,0,0,0,0,0,1,1,1,0,,Bastante,4.0
3.0,0,1,0,1,1,0,0,0,0,0,,1,0,1,1,0,0,0,0,0,0,,Alguma coisa,3.0
3.0,1,1,0,0,0,1,0,0,0,0,,0,0,1,1,1,0,0,0,0,0,,Bastante,4.0
3.0,1,0,1,0,1,0,0,0,0,0,,0,1,0,0,0,0,0,0,0,0,Não permitir apenas visualizar sem editar.,Bastante,4.0
3.0,0,1,0,0,0,0,0,0,0,0,,0,0,1,0,0,0,0,0,0,0,,Alguma coisa,3.0
4.0,1,1,0,1,1,1,1,1,1,1,,0,1,1,0,0,0,1,0,0,0,,Bastante,4.0
4.0,0,1,0,0,1,1,0,0,0,0,Facilidade na utilização da plataforma,0,0,1,0,0,0,1,1,0,0,,Bastante,4.0
4.0,0,1,1,1,0,1,0,0,0,0,,0,0,0,0,1,0,1,1,0,0,,Alguma coisa,3.0
4.0,0,1,0,1,1,1,0,0,0,0,,0,0,0,0,0,0,0,0,0,0,"Poderia ter um FAQ e um dicionario mais completo, tipo wiki",Alguma coisa,3.0
4.0,0,1,0,0,1,0,1,0,0,0,,0,0,1,0,0,0,0,0,0,0,,Alguma coisa,3.0
4.0,1,1,0,0,0,0,0,0,0,0,,0,0,0,1,1,0,1,0,0,0,,Bastante,4.0
4.0,0,0,0,1,1,1,0,0,0,1,,0,1,0,0,0,0,0,0,0,0,,Bastante,4.0
3.0,1,1,1,0,0,1,1,0,1,0,,1,0,0,0,1,0,0,1,0,0,,Bastante,4.0
4.0,1,1,0,0,1,1,1,1,1,1,,0,0,1,1,0,0,0,0,0,0,,Bastante,4.0
3.0,1,1,0,0,1,0,0,0,0,0,,0,0,1,1,0,0,0,0,0,0,Não funciona em alguns dispositivos nem em alguns Navegadores,Alguma coisa,3.0
3.0,1,0,0,1,1,1,1,0,0,0,,0,0,0,1,1,0,1,0,0,0,,Bastante,4.0
4.0,0,0,0,1,1,1,1,0,0,1,,0,0,0,0,0,0,0,0,0,0,nenhum,Bastante,4.0
3.0,1,1,1,0,0,1,0,0,0,0,,0,0,1,1,1,0,0,0,0,0,,Alguma coisa,3.0
4.0,0,1,0,1,1,1,1,0,0,0,,0,0,0,0,0,0,0,1,1,1,,Bastante,4.0
4.0,0,1,1,0,0,1,0,0,0,1,,0,0,0,0,0,0,1,1,0,0,Pouco espaço para escrever nas caixas de texto.,Bastante,4.0
3.0,1,1,0,0,0,1,0,0,0,0,,0,0,1,1,0,0,1,0,0,0,,Bastante,4.0
4.0,0,1,0,0,1,1,0,1,1,1,,1,0,0,1,0,0,0,0,0,0,,Bastante,4.0
,0,0,0,0,0,0,0,0,0,0,,0,0,0,0,0,0,0,0,0,0,,,
4.0,1,1,0,1,1,1,1,1,0,0,,0,0,1,0,0,0,0,0,1,1,,Alguma coisa,3.0
4.0,1,1,1,0,0,0,1,0,0,1,,0,0,0,1,0,0,0,1,0,0,"Poucos caracteres; Para quem tem falta de experiência, falta alguma ajuda",Bastante,4.0
3.0,1,0,0,1,0,0,0,0,0,1,,0,1,0,0,1,0,0,1,0,0,,Bastante,4.0
3.0,1,1,1,1,0,0,1,0,0,1,,0,0,0,0,1,0,0,0,0,0,,Bastante,4.0
3.0,1,1,0,0,0,1,0,0,0,0,,0,0,1,1,0,0,1,0,0,0,,Bastante,4.0
4.0,0,0,0,0,0,1,1,0,0,1,,1,1,1,0,0,0,0,0,0,0,,Imenso,5.0
4.0,1,1,0,1,1,0,0,0,0,1,,0,0,1,0,0,0,1,0,0,0,"Etapa 3, nomeadamente segmentação e especificação de mercado pouco clara",Bastante,4.0
3.0,0,1,0,0,1,1,0,0,1,0,,0,0,1,1,0,0,0,0,0,1,,Bastante,4.0
3.0,1,1,0,1,0,0,0,0,0,0,,0,0,0,0,0,1,1,0,0,1,,Alguma coisa,3.0
4.0,0,1,1,0,1,0,0,0,0,0,,0,0,0,1,0,1,1,0,0,0,,Alguma coisa,3.0
4.0,1,0,0,0,1,1,0,0,0,0,,0,0,0,0,0,0,0,0,0,0,Algumas perguntas,Bastante,4.0
4.0,0,1,0,0,0,1,0,0,0,1,,1,0,0,0,1,0,1,0,0,0,,Pouco,2.0
3.0,1,1,0,1,1,1,0,0,0,0,,0,0,0,0,0,0,0,0,0,0,Datas limite não estavam muito claras entre alguns painéis.,Alguma coisa,3.0
4.0,1,1,1,0,0,0,1,0,1,1,,0,0,1,1,1,0,0,0,0,0,,Alguma coisa,3.0
4.0,1,1,0,0,0,0,0,0,0,0,Simplicidade,0,0,0,0,0,0,0,1,1,0,Resultado do seu Projeto,Bastante,4.0
3.0,0,1,1,0,1,0,0,0,0,0,,0,0,0,0,0,0,1,0,0,0,,Alguma coisa,3.0
4.0,1,1,0,0,0,0,0,0,1,1,,0,0,0,1,1,0,0,0,0,0,,Alguma coisa,3.0
4.0,0,1,0,0,0,1,0,0,0,1,,0,0,0,1,1,0,0,0,0,0,----,Imenso,5.0
4.0,0,1,0,0,0,1,0,0,0,1,,0,0,1,0,0,0,1,1,0,0,,Bastante,4.0
4.0,1,1,0,1,1,1,0,0,0,0,,0,0,0,0,0,0,1,1,1,0,,Imenso,5.0
3.0,1,1,0,1,1,0,1,0,0,0,,0,0,1,0,0,1,0,0,0,1,,Bastante,4.0
4.0,0,0,1,1,0,1,0,0,0,0,,1,1,0,0,0,0,0,0,1,0,,Alguma coisa,3.0
3.0,1,0,0,1,0,0,1,0,0,0,,0,1,0,0,1,1,0,0,0,0,,Alguma coisa,3.0
3.0,1,1,0,0,0,0,0,0,0,0,,0,0,1,1,1,0,0,0,0,0,,Alguma coisa,3.0
4.0,1,1,0,0,0,1,0,0,0,1,,0,0,0,1,0,0,1,0,0,0,os caracteres limitados,Bastante,4.0
4.0,0,1,0,0,0,1,0,0,0,1,,0,0,0,0,0,0,0,0,0,0,arquetipo do cliente,Imenso,5.0
4.0,0,0,0,1,1,0,0,0,0,0,,1,0,0,0,0,0,0,0,0,0,,Imenso,5.0
3.0,0,0,0,0,1,1,1,0,0,0,,0,1,1,1,0,0,0,0,0,0,,Alguma coisa,3.0
4.0,1,1,0,0,0,1,0,0,0,0,,0,0,0,0,0,0,0,0,0,0,Limitação de caracteres é muito baixa em algumas situações,Bastante,4.0
4.0,0,1,0,1,1,1,0,0,0,0,,1,0,0,0,0,0,1,1,0,0,,Bastante,4.0
3.0,1,1,0,0,1,0,0,0,0,0,,0,1,0,1,0,0,1,0,0,0,,Alguma coisa,3.0
4.0,0,1,1,0,1,1,0,0,0,0,,1,0,0,1,0,0,0,0,0,0,,Bastante,4.0
4.0,0,0,0,1,1,1,1,0,0,0,,1,1,0,0,0,0,0,0,0,0,Devia poder-se passar á pergunta seguinte sem responder. Facilitava a compreensão e a resposta posterior seria melhor.,Imenso,5.0
4.0,0,0,0,0,1,1,0,0,0,1,,0,0,0,0,0,0,1,0,0,0,,Bastante,4.0
4.0,1,1,0,0,1,1,1,0,1,1,,0,0,0,0,0,0,0,0,0,0,Não tenho nada a apontar como aspecto negativo,Bastante,4.0
4.0,1,0,1,1,1,1,1,0,1,1,,0,1,0,0,0,0,0,0,0,0,,Imenso,5.0
3.0,1,1,0,0,0,0,0,0,0,0,,0,0,0,0,1,0,0,0,0,0,,Pouco,2.0
3.0,0,1,0,1,1,1,0,0,0,1,,1,0,1,0,0,0,0,1,0,0,,Bastante,4.0
3.0,1,1,0,0,1,0,0,0,0,0,,0,0,1,1,0,0,1,0,0,0,,Alguma coisa,3.0
3.0,0,1,0,0,1,0,0,0,0,0,,0,0,1,1,0,0,1,0,0,0,,Bastante,4.0
4.0,1,1,0,1,0,0,0,0,0,0,,0,0,1,0,1,0,1,0,0,0,,Bastante,4.0
3.0,0,0,0,0,0,0,0,0,0,0,o seu todo,0,0,0,1,1,0,0,0,0,0,"Os exemplos e vídeos são bons, mas tinha de responder 3 aspectos",Bastante,4.0
3.0,0,1,1,0,1,0,0,0,0,0,,0,0,0,0,0,0,1,0,1,1,,Bastante,4.0
4.0,0,1,0,1,0,0,1,0,0,0,,1,0,0,0,0,0,0,1,1,0,,Alguma coisa,3.0
3.0,0,0,0,1,1,0,0,0,0,1,,0,1,1,0,0,0,1,0,0,0,,Imenso,5.0
3.0,1,0,0,1,1,1,0,0,0,0,,0,1,0,0,0,0,1,0,0,0,,Alguma coisa,3.0
3.0,0,0,0,0,1,1,0,0,0,0,,0,1,1,0,0,0,1,0,0,0,,Alguma coisa,3.0
2.0,0,1,0,0,0,0,0,0,1,1,,0,0,1,1,0,1,0,0,0,0,,Alguma coisa,3.0
1.0,0,0,0,1,0,0,0,0,0,0,,1,1,1,0,0,0,0,0,0,0,,Pouco,2.0
4.0,0,1,0,1,0,0,0,0,0,0,,0,0,0,0,1,0,0,0,0,0,,Alguma coisa,3.0
4.0,1,0,0,1,1,0,0,0,0,0,,0,1,0,0,0,0,0,0,0,0,,Bastante,4.0
3.0,0,0,0,0,1,1,1,0,0,0,,0,0,1,0,0,0,0,0,0,0,"Pouca flexibilidade na forma de resposta em alguns campos (ex: números na segmentação de mercado, sem possibilidade de dar informação de contexto)",Alguma coisa,3.0
4.0,0,0,0,1,1,0,1,0,0,1,,0,0,0,0,0,0,0,0,0,0,Existem aspectos dificeis para mim acompanhar o que se pede,Bastante,4.0
4.0,0,1,0,0,0,1,0,0,0,0,Sessões de esclarecimento no facebook,0,0,0,1,0,0,1,1,0,0,,Bastante,4.0
3.0,1,1,1,0,1,1,0,0,0,1,,1,0,0,0,0,0,0,1,1,0,,Bastante,4.0
,0,0,0,0,0,0,0,0,0,0,,0,0,0,0,0,0,0,0,0,0,,,
4.0,0,1,0,1,1,0,1,0,0,0,,0,0,0,0,0,0,0,0,0,0,"No início, há várias máscaras que se orientam sobre o site, que precisam ser clicadas fora primeiro",Alguma coisa,3.0
4.0,1,1,0,0,1,0,1,0,0,1,,0,0,0,1,0,0,0,0,0,0,,Bastante,4.0
4.0,0,1,0,0,1,1,0,1,0,0,,1,0,0,1,0,0,1,0,0,0,,Imenso,5.0
3.0,0,0,0,1,0,1,0,0,0,0,,0,0,0,1,0,0,0,0,0,0,,Alguma coisa,3.0
3.0,0,0,0,1,0,1,0,0,0,0,,0,1,0,0,1,0,0,0,0,0,,Bastante,4.0
4.0,1,1,0,1,0,0,0,0,1,0,,0,0,1,0,0,1,1,0,0,0,,Bastante,4.0
4.0,1,1,0,1,1,1,0,0,0,0,,0,0,1,0,0,0,0,0,0,1,exportação para pdf tem falhas,Alguma coisa,3.0
3.0,0,0,0,0,1,0,1,0,0,0,,0,1,0,0,0,0,0,0,0,0,,Bastante,4.0
3.0,1,0,1,0,1,0,0,0,0,0,,0,1,0,0,0,0,0,0,1,1,,Bastante,4.0
4.0,0,1,1,1,1,1,0,0,0,0,,0,0,0,0,0,0,0,0,0,0,Não poder ter uma visão geral das questões de todas as fases.,Bastante,4.0
4.0,1,1,0,0,0,1,0,0,0,0,,0,0,0,1,0,0,1,0,0,0,Poderiam colocar por exemplo algumas questões tipo para entrevista,Alguma coisa,3.0
4.0,1,1,0,1,0,0,0,0,0,0,,0,0,0,0,0,1,1,1,0,0,,Imenso,5.0
,0,0,0,0,0,0,0,0,0,0,,0,0,0,0,0,0,0,0,0,0,,,
2.0,1,0,0,0,1,1,0,0,0,0,,0,0,1,1,0,0,0,0,0,0,Número de Caracteres (insuficientes),Alguma coisa,3.0
4.0,1,0,1,0,0,1,1,0,1,1,,0,0,0,1,1,0,0,1,0,0,,Imenso,5.0
3.0,0,1,1,0,0,1,0,0,0,0,,0,0,0,1,1,0,0,1,0,0,,Alguma coisa,3.0
4.0,1,1,1,1,1,1,1,1,1,1,,0,0,0,0,0,0,0,0,0,0,Gostei de toda a ferramenta,Imenso,5.0
3.0,1,1,1,1,0,0,0,0,0,0,,0,0,0,0,1,0,1,0,0,0,Demora no esclarecimento de dúvidas,Alguma coisa,3.0
3.0,0,1,0,0,0,0,0,0,0,0,,0,0,0,1,0,1,1,0,0,0,,Bastante,4.0
4.0,0,1,1,1,0,1,0,0,0,0,,0,0,0,0,0,0,0,0,0,0,Nao poder falar com alguem presencial para tirar duvidas com o projecto a frente.,Bastante,4.0
4.0,1,1,0,1,0,1,0,0,0,0,,0,0,1,0,1,0,1,0,0,0,,Alguma coisa,3.0
3.0,1,1,0,0,1,0,0,0,0,0,,0,0,0,1,0,0,0,0,1,0,Em alguns casos (poucos) as caixas de texto não eram suficientemente grandes para poder expor tudo o que pretendia (mesmo que de uma forma resumida).,Bastante,4.0
4.0,0,1,0,0,1,1,0,0,0,1,,0,0,1,1,0,0,0,0,0,0,Pouco espaço para resposta,Bastante,4.0
3.0,1,1,0,0,0,1,1,0,0,0,,0,0,0,1,1,0,0,0,0,0,,Alguma coisa,3.0
3.0,1,0,1,1,1,1,0,0,0,0,,0,1,0,0,0,0,1,0,0,0,"Incapacidade de portabilidade da plataforma ""The Next Startup"" para a do concurso Acredita Portugal",Bastante,4.0
4.0,0,1,1,1,0,1,1,0,0,0,,1,0,0,1,0,0,0,0,0,0,As vezes cria freezes.,Imenso,5.0
4.0,0,0,0,0,0,1,0,0,0,0,"Acho que está muito bem concebido, uma pessoa que saiba pouco sobre como orientar o negócio ou fazer o plano de negócios tem uma ferramenta simples e efeciente.",1,1,0,0,0,0,0,0,0,0,"Não tem quase nada que não goste, só a navegação para ver  ou editar o que fiemos para trás e que não é prática.",Bastante,4.0
2.0,1,0,0,1,0,1,1,0,0,0,,0,0,0,0,1,0,0,1,0,0,Conteúdos desnecessários,Bastante,4.0
2.0,0,0,0,1,0,0,0,0,0,0,,0,1,0,0,0,0,0,0,0,0,,Alguma coisa,3.0
4.0,0,1,0,0,1,1,0,0,0,1,,0,0,1,0,0,0,1,0,1,0,,Imenso,5.0
3.0,0,1,0,0,0,1,0,0,0,1,,0,0,0,0,0,0,0,0,0,0,algumas questões não se aplicam enquanto há outros tópicos onde não encontrámos espaço para os expor.,Bastante,4.0
3.0,1,1,0,1,1,0,1,0,0,1,,0,0,0,0,0,0,0,0,0,0,Sinto pouco acompanhamento e acabamentos,Alguma coisa,3.0
4.0,0,0,0,0,0,1,1,0,0,0,,0,1,0,0,0,0,0,0,0,0,,Imenso,5.0
4.0,1,1,0,0,0,1,0,0,0,0,,0,0,0,0,0,0,0,0,0,0,nenhum a apontar,Bastante,4.0
3.0,0,0,0,1,1,0,0,0,0,1,,0,1,1,0,0,0,1,0,0,0,,Alguma coisa,3.0
2.0,1,1,0,0,0,0,0,0,0,0,,0,0,1,1,1,0,0,0,0,0,,Pouco,2.0
4.0,1,0,0,0,1,1,1,0,0,1,,0,1,0,1,0,0,0,0,0,0,Algumas perguntas,Bastante,4.0
3.0,1,1,0,0,0,1,0,0,0,0,,0,0,1,0,0,0,0,1,1,0,,Alguma coisa,3.0
3.0,1,0,0,1,1,0,0,0,0,0,,0,0,0,0,0,0,0,1,0,0,,Bastante,4.0
4.0,0,0,0,0,1,1,0,0,0,1,,1,0,1,0,0,0,0,0,0,0,,Imenso,5.0
4.0,0,1,1,0,0,0,0,0,0,0,,0,0,0,1,1,0,0,0,0,0,,Alguma coisa,3.0
4.0,1,0,0,1,1,1,0,0,0,1,,0,1,1,0,0,0,0,0,0,0,,Bastante,4.0
4.0,0,0,1,1,1,1,0,0,0,0,,0,0,0,0,0,0,1,0,1,1,,Imenso,5.0
4.0,1,1,1,1,1,1,1,1,1,1,,0,0,0,0,0,0,0,0,0,0,Não há aspectos negativos,Imenso,5.0
3.0,1,1,0,0,0,0,0,0,0,0,,0,0,0,1,0,0,0,0,0,0,,Bastante,4.0
4.0,0,1,1,0,1,1,0,0,1,1,,0,0,0,1,0,0,1,1,0,0,,Bastante,4.0
3.0,0,0,1,1,1,1,0,1,1,1,,1,1,0,0,0,0,1,0,0,0,,Bastante,4.0
4.0,1,0,0,0,1,1,0,0,0,0,,0,1,0,1,0,0,0,0,0,0,,Bastante,4.0
4.0,0,1,1,0,0,0,1,0,0,1,,0,0,0,1,1,0,0,0,0,0,não tenho,Bastante,4.0
4.0,1,1,0,1,1,1,0,0,0,0,,0,0,0,0,0,0,1,1,1,0,,Bastante,4.0
4.0,0,0,1,1,0,1,0,0,1,1,,0,0,0,0,1,0,0,0,0,0,,Imenso,5.0
4.0,1,0,0,0,0,1,0,0,0,1,,0,0,0,1,0,0,0,0,0,0,,Bastante,4.0
4.0,0,0,1,0,0,1,0,0,0,1,,0,1,0,0,1,0,0,1,0,0,,Alguma coisa,3.0
4.0,1,0,0,0,1,0,0,0,0,1,,0,1,0,0,0,0,1,0,1,0,,Alguma coisa,3.0
4.0,0,1,1,0,0,1,0,0,0,0,,0,0,0,0,0,0,0,0,0,1,,Bastante,4.0
4.0,0,1,0,1,1,1,0,0,0,0,,1,0,1,0,0,0,1,0,0,0,,Bastante,4.0
3.0,1,1,1,0,1,1,0,0,0,0,,0,0,0,0,0,0,1,1,1,0,,Alguma coisa,3.0
4.0,1,0,0,1,1,0,0,0,0,0,,0,0,0,0,0,0,1,0,0,0,,Alguma coisa,3.0
3.0,0,1,0,1,1,0,0,0,0,0,,1,0,0,0,0,0,1,1,0,0,,Alguma coisa,3.0
3.0,0,0,1,1,0,0,0,0,0,0,,0,1,0,0,0,0,0,0,0,1,Impossibilidade de imprimir todas as perguntas e respostas,Bastante,4.0
4.0,1,1,0,0,0,1,0,0,0,0,,0,0,1,1,0,0,0,0,0,1,,Bastante,4.0
,0,0,0,0,0,0,0,0,0,0,,0,0,0,0,0,0,0,0,0,0,,,
4.0,0,0,0,0,1,0,1,0,0,1,,1,1,0,0,0,0,0,0,0,0,,Bastante,4.0
3.0,1,1,1,1,1,1,1,1,1,1,,0,0,0,0,0,0,0,0,0,0,NDA ME INCOMODOU,Alguma coisa,3.0
4.0,1,1,1,0,0,0,1,0,1,1,,0,0,0,0,1,0,0,0,0,0,,Imenso,5.0
4.0,0,0,1,1,1,1,0,0,0,0,,0,1,0,0,0,0,1,0,0,1,,Bastante,4.0
4.0,0,1,0,1,1,0,0,0,0,0,,0,0,0,0,0,1,1,1,0,0,,Bastante,4.0
3.0,1,1,0,0,0,1,0,0,0,0,,0,0,1,0,0,0,0,0,0,0,,Alguma coisa,3.0
4.0,0,1,0,0,0,1,0,0,0,1,,1,0,0,1,0,0,0,1,0,0,,Imenso,5.0
3.0,0,1,1,0,0,1,0,0,0,0,,0,0,0,0,0,0,0,1,0,0,,Bastante,4.0
,0,0,0,0,0,0,0,0,0,0,,0,0,0,0,0,0,0,0,0,0,,,
4.0,0,1,0,0,0,1,0,0,0,1,,0,0,1,1,1,0,0,0,0,0,,Imenso,5.0
3.0,0,0,0,0,1,0,1,0,0,0,Gratuito,0,0,1,0,0,0,0,0,0,0,Não há exemplos suficientes,Alguma coisa,3.0
3.0,0,0,0,1,0,1,0,0,0,0,,0,1,0,0,0,0,1,0,0,0,Campos de texto em certas áreas são demasiado pequenos,Alguma coisa,3.0
3.0,1,1,0,0,0,0,1,0,0,0,,0,0,1,1,0,0,0,1,0,0,,Bastante,4.0
3.0,1,0,1,0,0,0,0,0,0,1,,0,0,1,0,1,1,0,0,0,0,,Bastante,4.0
3.0,1,0,0,1,0,1,0,0,0,0,,0,1,0,0,0,0,1,0,0,0,"A linguagem usada é, por vezes, demasiado técnica",Bastante,4.0
3.0,0,1,0,0,1,0,1,0,0,0,,0,1,1,0,0,0,1,0,0,0,,Alguma coisa,3.0
4.0,0,1,0,0,0,1,0,0,0,1,,0,0,1,1,0,0,0,1,0,0,,Bastante,4.0
3.0,1,0,0,0,0,1,0,0,0,1,,0,1,0,1,0,0,1,0,0,0,,Alguma coisa,3.0
4.0,0,1,0,0,0,1,0,0,0,1,,1,0,0,1,0,0,1,0,0,0,,Bastante,4.0
4.0,0,1,0,0,0,0,0,0,0,1,Guia prático na condução e elaboração do projeto,0,0,0,1,0,0,1,0,0,0,As perguntas podiam ser mais detalhadas para ajudar a responder,Imenso,5.0
3.0,0,1,0,0,0,1,1,0,0,1,,0,0,1,0,1,0,0,0,1,0,,Alguma coisa,3.0
,0,0,0,0,0,0,0,0,0,0,,0,0,0,0,0,0,0,0,0,0,,,
4.0,1,1,0,0,0,1,1,0,0,0,,0,0,0,0,1,0,0,0,0,0,,Imenso,5.0
4.0,0,0,1,1,1,1,0,0,0,0,,0,0,0,0,0,0,0,0,0,0,"Processo muitíssimo complexo para quem pretende concorrer a um concurso, sendo certo que no meu caso não tem nada haver ainda com a área do empreendedorismo, muito embora haja uma intenção presente/futura para o fazer.",Imenso,5.0
4.0,1,0,1,0,0,0,0,1,0,1,,0,0,0,1,0,0,1,0,0,0,Poucos exemplos.,Bastante,4.0
4.0,0,0,1,1,1,1,0,1,1,0,,1,1,0,0,0,0,1,0,0,0,,Imenso,5.0
4.0,1,1,0,1,0,0,0,0,0,0,,0,0,0,0,0,0,0,0,0,0,Pouco espaço para as respostas,Alguma coisa,3.0
3.0,0,0,0,1,1,1,0,0,0,0,,1,1,0,0,0,0,1,0,0,0,,Bastante,4.0
3.0,0,1,0,0,0,1,0,0,0,0,,0,0,0,1,0,0,0,0,0,0,,Bastante,4.0
3.0,1,1,0,1,1,0,1,0,0,0,,0,0,1,0,0,1,0,0,0,1,,Bastante,4.0
4.0,1,1,0,0,0,0,0,0,0,0,,0,0,0,1,0,0,0,1,1,0,,Alguma coisa,3.0
3.0,0,0,1,1,0,0,1,0,0,0,,1,1,0,0,1,0,0,0,0,0,,Alguma coisa,3.0
3.0,1,1,0,1,1,1,0,0,0,0,,0,0,0,0,0,0,0,0,0,0,não tenho nenhum aspecto que não goste em particular,Bastante,4.0
4.0,0,0,0,0,1,1,1,0,0,0,,0,0,0,1,0,0,0,1,0,0,Espaço demasiado limitado para desenvolver as questões,Bastante,4.0
3.0,0,0,0,1,1,0,0,0,0,0,,0,1,1,0,0,0,0,0,0,0,,Bastante,4.0
4.0,1,1,0,0,1,1,0,0,0,0,,0,0,0,1,0,0,0,0,0,0,,Bastante,4.0
4.0,1,1,0,0,1,1,0,0,1,1,,0,0,0,1,0,0,1,1,0,0,,Bastante,4.0
4.0,0,1,1,1,1,1,0,1,1,1,,0,0,0,0,0,0,1,0,0,0,,Bastante,4.0
4.0,1,1,0,0,0,1,1,0,0,0,,0,0,1,0,0,0,0,1,0,0,,Imenso,5.0
3.0,0,0,1,1,0,0,0,0,0,0,,0,1,0,0,0,0,0,0,0,0,,Bastante,4.0
4.0,1,1,0,0,1,0,0,0,0,1,,0,0,0,1,0,0,0,1,0,0,Limitação de caracteres nas respostas em alguns campos,Bastante,4.0
3.0,1,1,0,1,0,0,1,0,1,1,,0,0,1,0,1,0,0,1,0,0,,Bastante,4.0
4.0,0,0,1,0,0,1,1,0,0,1,,0,0,0,1,0,0,1,0,1,0,,Bastante,4.0
3.0,0,0,0,0,1,1,0,0,0,0,,1,0,1,0,1,0,0,0,0,0,,Bastante,4.0
4.0,1,1,0,0,1,1,0,0,0,0,Simplicidade,0,0,0,1,0,0,0,0,0,0,,Imenso,5.0
3.0,0,1,0,1,0,0,1,0,0,0,,1,0,0,0,0,0,0,1,0,0,Algumas perguntas mais complicadas,Bastante,4.0
3.0,0,1,0,0,0,1,0,0,0,1,,0,0,1,1,0,1,0,0,0,0,,Alguma coisa,3.0
4.0,1,1,0,1,1,0,0,0,0,1,,0,0,1,0,0,1,1,0,0,0,,Bastante,4.0
4.0,1,0,1,0,1,0,0,0,1,1,,0,1,0,0,0,0,1,1,0,0,,Bastante,4.0
4.0,1,0,0,0,1,0,1,0,0,0,,0,0,0,1,0,1,0,1,0,0,,Bastante,4.0
4.0,1,1,0,0,1,0,0,0,0,0,,0,0,1,1,0,1,0,0,0,0,,Alguma coisa,3.0
4.0,0,1,0,1,1,1,0,0,0,1,,1,0,0,0,0,0,0,1,1,0,,Bastante,4.0
3.0,0,1,0,1,0,1,0,0,0,1,,0,0,1,0,0,0,1,1,0,0,,Bastante,4.0
3.0,0,0,1,0,0,1,0,0,0,1,,0,0,0,1,1,0,0,0,1,0,,Alguma coisa,3.0
4.0,0,0,1,0,0,1,0,0,0,1,,0,0,0,1,0,0,1,0,0,0,Das 2 vezes que fiz perguntas não obtive resposta,Imenso,5.0
4.0,0,1,1,0,0,0,1,0,0,0,,0,0,0,0,1,0,0,0,0,0,,Pouco,2.0
4.0,1,1,1,0,0,1,0,0,0,0,,0,0,0,1,0,0,1,0,0,1,,Pouco,2.0
3.0,1,0,1,0,1,0,0,0,0,0,,0,1,0,1,0,0,1,0,0,0,,Bastante,4.0
4.0,0,1,1,1,1,1,0,0,0,0,,1,0,0,0,0,0,1,0,0,0,,Bastante,4.0
3.0,1,1,0,0,1,0,0,0,0,0,,0,0,1,0,0,0,1,0,0,0,acho que é um bocado difícil as palavras para quem não entende de empreendedorismo,Alguma coisa,3.0
4.0,1,0,1,1,1,0,0,0,0,0,,0,0,0,0,0,0,0,1,0,0,,Alguma coisa,3.0
4.0,1,1,1,0,1,0,1,0,0,0,,0,0,0,1,0,0,0,0,0,0,,Bastante,4.0
4.0,0,0,0,1,1,1,1,0,0,0,,0,1,0,0,0,0,0,0,0,0,,Alguma coisa,3.0
3.0,1,0,1,1,0,1,0,0,0,1,,0,1,0,0,0,0,1,1,0,0,,Imenso,5.0
4.0,1,0,0,1,0,1,0,0,0,0,,0,0,1,0,1,0,0,1,0,0,,Bastante,4.0
4.0,1,0,0,0,0,1,0,0,1,1,,0,1,1,1,0,0,0,0,0,0,,Bastante,4.0
4.0,1,1,0,1,1,0,1,0,0,0,,0,0,0,0,0,1,0,1,0,1,,Imenso,5.0
4.0,1,1,1,1,1,1,1,1,1,1,"Excelente plataforma, muito facil de seguir.",0,0,0,0,0,0,0,0,0,0,Nada a referir,Bastante,4.0
4.0,0,1,0,0,1,0,0,0,0,1,,0,0,1,1,0,1,0,0,0,0,,Imenso,5.0
3.0,1,0,0,0,1,1,0,0,0,0,,0,1,0,0,0,0,0,0,0,0,,Bastante,4.0
4.0,0,1,0,0,0,0,1,0,1,1,,0,0,1,0,0,0,0,0,0,0,O tempo de resposta dos nossos questionamentos é longo e as vezes não efetivo. Acredito que esse canal de comunicação deveria ser mais rápido e efetivo.,Bastante,4.0
4.0,1,0,1,1,1,1,1,1,1,1,,0,1,0,0,0,0,0,0,0,0,,Bastante,4.0
3.0,0,0,0,0,0,1,0,0,1,1,,1,0,1,0,1,0,0,0,0,0,,Bastante,4.0
3.0,1,1,0,0,1,1,0,0,1,1,,0,0,0,1,0,0,0,0,0,0,,Imenso,5.0
3.0,0,1,0,0,1,1,0,0,0,1,,0,0,0,0,0,0,1,0,0,0,A inexistente gravação automática dos dados inseridos.,Bastante,4.0
4.0,1,1,0,1,0,0,0,0,0,0,,0,1,0,0,1,0,0,1,0,0,,Bastante,4.0
4.0,1,1,0,0,0,0,0,0,1,1,,0,0,0,1,0,0,1,1,0,0,,Bastante,4.0
4.0,1,1,0,1,0,0,0,0,0,0,,0,0,1,0,0,0,0,0,0,0,,Alguma coisa,3.0
2.0,1,0,0,0,0,0,0,0,0,0,,0,1,1,0,0,0,1,0,0,0,,Pouco,2.0
3.0,1,1,0,0,0,0,0,0,0,1,,0,0,1,0,0,0,0,1,0,0,,Alguma coisa,3.0
3.0,1,0,1,0,0,1,0,0,0,1,,0,1,0,0,0,0,1,0,0,0,dificuldade no contacto com a equipa de apoio,Imenso,5.0
4.0,1,0,0,0,0,1,0,0,0,1,,0,1,0,0,1,0,0,1,0,0,,Bastante,4.0
4.0,1,0,0,1,1,0,0,0,0,0,,0,1,0,0,0,1,0,0,0,1,,Alguma coisa,3.0
4.0,0,1,1,0,0,1,0,0,0,0,,0,0,0,1,0,0,1,0,0,0,Falta de caracteres para desenvolver mais as respostas,Bastante,4.0
4.0,1,0,0,0,1,1,0,0,0,0,,0,0,1,1,0,0,0,0,0,0,Mais nada a apontar,Bastante,4.0
3.0,1,0,0,0,0,1,0,1,0,0,,0,0,1,1,1,0,0,0,0,0,,Alguma coisa,3.0
4.0,1,0,0,1,1,1,0,0,0,0,,0,0,0,0,0,0,1,1,0,0,,Bastante,4.0
4.0,1,0,1,1,0,1,0,0,0,1,,0,0,0,0,1,0,1,1,0,0,,Bastante,4.0
3.0,0,1,1,0,0,0,1,0,0,0,,1,0,0,1,0,0,0,1,0,0,,Bastante,4.0
4.0,0,0,0,1,0,1,0,0,0,1,,0,1,0,0,1,0,1,0,0,0,,Bastante,4.0
4.0,0,0,0,0,1,1,0,0,0,1,,0,1,1,0,0,0,0,0,1,0,,Alguma coisa,3.0
,0,0,0,0,0,0,0,0,0,0,,0,0,0,0,0,0,0,0,0,0,,,
3.0,1,1,0,0,1,1,0,0,1,0,,0,0,1,0,0,0,0,0,0,0,,Alguma coisa,3.0
4.0,0,1,0,0,1,1,0,0,0,0,,1,0,0,1,0,0,1,0,0,0,,Imenso,5.0
4.0,1,1,1,1,1,1,0,0,0,1,,0,0,0,0,0,0,1,1,1,0,,Bastante,4.0
,0,0,0,0,0,0,0,0,0,0,,0,0,0,0,0,0,0,0,0,0,,,
3.0,1,1,0,0,0,0,0,0,0,0,,0,0,1,0,1,0,1,0,0,0,,Alguma coisa,3.0
3.0,1,0,0,0,1,0,0,0,0,1,,0,0,0,1,0,0,1,1,0,0,,Alguma coisa,3.0
4.0,1,1,0,0,1,0,0,0,0,0,Obriga-nos a sermos sucintos,0,0,0,0,0,0,0,0,0,0,Terminologia usada,Alguma coisa,3.0
4.0,1,1,0,0,1,1,0,0,0,0,,0,0,0,1,0,1,0,1,0,0,,Bastante,4.0
4.0,1,1,0,1,1,0,0,0,0,0,Simplicidade e objetividade,0,0,1,0,0,0,0,1,1,0,,Bastante,4.0
3.0,1,0,0,0,0,1,0,0,0,0,,0,0,1,0,0,0,0,0,0,0,,Bastante,4.0
3.0,0,0,0,0,0,1,0,0,0,0,,0,1,0,0,0,0,0,0,0,0,,Pouco,2.0
4.0,0,1,0,1,0,0,1,0,0,0,,0,0,0,0,1,0,0,1,1,0,,Bastante,4.0
4.0,1,1,0,0,0,0,0,0,0,0,,0,0,0,0,0,0,1,0,0,0,,Imenso,5.0
4.0,1,1,0,0,1,1,0,0,1,0,,0,0,0,0,0,0,0,0,0,0,Não tenho nada a apontar. É bastante intuitiva.,Bastante,4.0
3.0,1,1,0,0,1,0,0,0,0,0,,0,0,0,0,0,0,0,0,0,0,limites para as respostas,Bastante,4.0
4.0,1,0,0,0,1,1,0,0,0,0,,0,1,0,0,0,0,1,0,0,0,Necessidade de browser específico,Bastante,4.0
3.0,0,1,0,0,1,0,0,0,0,1,,0,0,1,0,0,0,0,0,0,0,,Bastante,4.0
3.0,0,1,1,0,0,1,0,0,0,1,,0,0,0,0,1,0,0,0,0,0,,Bastante,4.0
3.0,1,0,0,0,0,1,1,0,0,0,,0,1,0,1,0,0,0,0,0,0,,Alguma coisa,3.0
4.0,0,0,0,1,1,0,1,0,0,0,,1,1,1,0,0,0,0,0,0,0,,Bastante,4.0
3.0,1,1,0,0,0,0,0,0,0,0,,0,0,0,0,0,0,0,0,0,0,pouco espaço para respostas.,Alguma coisa,3.0
3.0,0,1,0,0,0,1,0,0,0,0,,0,0,0,0,0,0,0,0,0,0,Não assumir a alteração da minha nova password.,Bastante,4.0
4.0,1,0,1,0,0,0,0,0,0,0,,0,0,0,1,0,0,0,0,0,0,,Bastante,4.0
4.0,0,0,0,1,1,1,0,0,0,1,,1,1,0,0,0,0,0,1,0,0,,Imenso,5.0
3.0,1,1,0,0,0,0,0,0,0,0,,0,0,0,0,1,1,0,0,0,0,,Alguma coisa,3.0
3.0,1,0,0,1,1,0,0,0,0,0,,0,1,1,0,0,0,0,0,0,0,As vezes a passagem de uma pergunta para outra assume assuntos que ainda não foram abordados,Alguma coisa,3.0
4.0,0,1,0,0,0,1,0,0,0,0,,0,0,0,1,0,0,0,0,0,0,,Alguma coisa,3.0
4.0,0,1,0,0,0,1,0,0,0,1,,0,0,0,0,0,0,1,1,1,0,,Alguma coisa,3.0
3.0,0,0,0,0,1,1,0,0,0,1,,0,1,1,0,0,0,1,0,0,0,,Alguma coisa,3.0
4.0,0,1,1,0,0,1,0,0,0,0,,0,0,0,0,1,0,0,0,0,0,,Imenso,5.0
4.0,1,1,0,0,1,1,0,0,1,1,,0,0,0,0,0,0,1,0,0,0,,Bastante,4.0
4.0,0,1,0,0,0,1,0,0,0,1,,1,1,0,0,0,0,0,0,0,0,"Na verdade gostei tudo, é interessante.",Bastante,4.0
4.0,0,0,1,0,0,0,1,0,0,0,,0,1,0,0,0,0,0,0,0,0,,Alguma coisa,3.0
4.0,1,1,0,0,0,0,1,0,0,1,,0,0,0,0,0,0,0,0,0,0,"faltas mais referências a ""serviço(s)"" e enfoca demais no ""produto"";  Outra questão: quanto à comparação com concorrentes, quem tem algo inovador e incomparável não tem concorrencia...",Bastante,4.0
4.0,0,1,1,1,0,0,0,0,0,0,,1,0,0,0,0,0,0,1,1,0,,Bastante,4.0
4.0,1,1,0,0,1,1,1,0,0,0,,0,0,1,1,0,0,0,0,0,0,,Bastante,4.0
4.0,1,0,1,1,1,0,0,0,0,0,,1,0,0,0,1,0,0,0,1,0,,Bastante,4.0
4.0,1,0,0,1,1,0,0,0,0,0,,0,1,0,0,0,0,0,0,0,0,,Bastante,4.0
3.0,1,0,1,0,0,1,0,0,0,0,,0,1,0,0,0,0,1,0,0,0,falta de acesso previo as perguntas,Bastante,4.0
3.0,1,1,1,1,1,1,1,0,0,0,,0,0,0,0,0,0,0,1,1,1,,Bastante,4.0
4.0,1,1,0,0,0,0,0,0,0,0,,0,0,0,0,1,0,1,1,0,0,,Alguma coisa,3.0
4.0,1,1,0,1,1,1,0,0,0,1,,0,0,0,0,0,0,0,1,1,0,,Imenso,5.0
3.0,1,0,0,0,1,1,0,0,0,0,,0,1,0,0,0,0,1,0,1,0,,Bastante,4.0
4.0,1,1,0,1,1,0,0,0,0,0,,0,0,0,1,0,0,0,0,0,0,A opção de logar no sistema poderia ser mais evidente,Bastante,4.0
3.0,0,1,0,1,1,0,0,0,0,0,,0,0,0,0,0,0,0,0,0,0,As falhas regulares que ocorrem e pouca ajuda no glossário,Alguma coisa,3.0
3.0,0,1,0,0,0,1,0,0,1,0,,0,0,0,0,1,0,0,0,0,0,,Bastante,4.0
4.0,1,0,0,0,1,0,0,0,0,0,,0,1,1,1,0,0,0,0,0,0,,Bastante,4.0
4.0,0,1,0,0,1,1,0,0,0,0,,0,0,0,0,0,0,1,0,0,0,,Alguma coisa,3.0
4.0,1,1,0,0,0,0,1,0,0,0,,1,0,1,0,0,0,0,1,0,0,,Bastante,4.0
3.0,0,1,0,0,1,0,1,0,0,0,,1,0,1,1,0,0,0,0,0,0,,Alguma coisa,3.0
2.0,1,1,0,0,0,0,0,0,0,0,,0,0,1,0,0,1,1,0,0,0,,Nada,1.0
4.0,1,1,0,0,1,0,0,0,0,0,,0,0,1,0,0,1,0,0,0,0,,Bastante,4.0
4.0,0,1,0,0,0,1,1,0,0,0,,1,0,1,0,1,0,0,0,0,0,,Bastante,4.0
4.0,1,1,0,0,1,0,1,0,0,1,,0,1,0,0,1,0,1,0,0,0,,Bastante,4.0
3.0,0,0,0,1,1,1,0,0,0,0,,1,1,0,0,0,0,1,0,0,0,,Bastante,4.0
4.0,1,1,0,0,0,1,0,0,0,0,,0,0,1,0,1,0,1,0,0,0,,Imenso,5.0
4.0,1,1,0,0,1,0,0,0,0,0,,0,0,1,0,0,0,0,0,0,0,,Bastante,4.0
4.0,1,1,0,1,1,1,0,0,0,0,,0,0,0,0,0,0,0,0,0,0,"Nenhum, acho todos interessantes, à sua maneira.",Bastante,4.0
4.0,0,1,0,1,1,1,1,0,0,0,,0,0,0,0,0,0,0,0,0,0,Nada em especial,Imenso,5.0
4.0,0,1,0,0,0,0,1,0,0,1,,1,0,0,1,0,0,0,0,0,0,não tem,Bastante,4.0
4.0,0,1,0,1,1,1,0,0,0,1,,1,0,1,0,0,0,0,1,0,0,,Bastante,4.0
3.0,1,1,0,0,0,1,0,0,0,0,,0,0,0,0,0,0,0,0,0,0,Falta mais exemplos nas várias fases do projecto,Bastante,4.0
4.0,0,0,1,0,1,1,0,0,1,1,,0,0,0,1,0,0,0,0,0,0,,Bastante,4.0
3.0,0,1,1,0,1,1,0,0,0,1,,0,0,0,0,0,0,0,0,1,0,,Bastante,4.0
4.0,0,1,0,1,0,0,1,0,0,0,,1,0,0,0,0,0,0,0,0,0,,Bastante,4.0
3.0,0,0,0,1,1,0,0,0,0,0,,0,0,0,0,0,0,1,1,0,1,,Bastante,4.0
3.0,1,1,0,0,0,0,0,0,0,1,,0,0,1,0,1,0,1,0,0,0,,Bastante,4.0
4.0,0,1,1,0,1,1,0,0,0,0,,1,0,0,0,0,0,0,1,1,0,,Bastante,4.0
3.0,0,0,0,0,0,1,0,0,1,1,,0,1,0,0,0,0,1,0,0,0,,Bastante,4.0
4.0,1,1,0,0,1,0,0,0,0,0,,0,0,0,1,0,0,0,0,0,0,Muito orientado para ideias de negócio relacionadas com produtos e menos com serviços,Alguma coisa,3.0
4.0,0,1,1,0,1,1,0,0,0,0,,0,0,0,1,0,0,0,1,1,0,,Imenso,5.0
4.0,0,0,1,1,1,1,0,0,0,1,,0,0,0,0,0,0,0,0,0,0,poucos caracteres para escrever,Bastante,4.0
4.0,1,0,0,1,0,1,0,0,0,0,,0,1,1,0,0,0,0,0,1,0,,Alguma coisa,3.0
3.0,1,0,1,0,0,1,0,0,0,1,O passo a passo,0,1,0,1,0,0,0,0,0,0,Videos podiam dar mais exemplos ou haverem mais exemplo disponíveis de outra forma,Bastante,4.0
4.0,1,0,0,1,1,0,0,0,0,0,,0,0,0,0,0,1,0,0,1,1,,Bastante,4.0
3.0,1,0,0,1,1,1,0,0,0,1,,0,1,1,0,0,0,1,0,0,0,,Bastante,4.0
3.0,1,1,0,0,0,0,1,0,0,0,,0,0,0,1,0,0,0,0,1,1,,Bastante,4.0
4.0,0,0,0,0,1,1,1,0,0,0,,0,0,0,1,0,0,1,0,1,0,,Bastante,4.0
4.0,0,0,0,1,0,1,1,0,0,1,,0,0,0,0,0,0,0,1,0,0,,Imenso,5.0
4.0,1,0,0,1,1,1,0,0,0,0,,0,0,1,1,0,0,0,0,0,0,Poucos exemplos,Imenso,5.0
4.0,1,0,0,1,0,1,0,0,0,1,Estabelecimento de deadline - implica disciplina/cumprimento,0,0,0,0,0,0,0,1,0,0,,Imenso,5.0
4.0,0,0,0,0,0,0,0,0,0,0,Todos!,0,0,0,0,0,0,0,0,0,0,gosto de todos!,Bastante,4.0
4.0,1,1,0,0,1,0,0,0,0,0,,0,0,1,1,0,1,0,0,0,0,,Bastante,4.0
4.0,1,1,0,0,0,1,0,0,1,1,,0,0,1,0,1,0,0,1,0,0,,Bastante,4.0
4.0,0,1,1,0,1,1,0,0,1,1,,1,0,0,1,0,0,1,0,0,0,,Imenso,5.0
4.0,0,1,0,0,0,0,0,0,0,0,,0,0,1,0,0,0,0,0,0,0,,Bastante,4.0
3.0,0,1,0,1,1,0,0,0,0,0,,0,0,0,0,0,1,0,0,0,0,,Bastante,4.0
3.0,0,0,0,0,0,1,0,0,0,0,,0,1,0,0,0,0,0,0,0,0,,Alguma coisa,3.0
4.0,1,1,0,0,0,0,0,0,0,1,,0,0,0,1,1,0,1,0,0,0,,Bastante,4.0
4.0,0,0,1,1,1,1,1,0,0,0,,0,1,0,0,0,0,0,0,0,0,,Imenso,5.0
4.0,1,0,1,0,0,0,1,0,0,1,,0,0,0,0,0,1,0,1,1,0,,Imenso,5.0
4.0,0,1,1,0,0,1,0,0,1,0,,1,0,0,1,0,0,1,0,0,0,,Imenso,5.0
3.0,0,0,0,0,0,1,0,0,0,1,,1,1,0,1,0,0,0,0,0,0,,Bastante,4.0
4.0,0,0,1,1,1,0,0,0,0,0,,1,0,0,0,0,0,0,0,0,0,,Bastante,4.0
4.0,1,0,0,0,0,1,0,0,1,0,,0,1,0,0,1,0,1,0,0,0,,Bastante,4.0
4.0,1,1,0,0,0,0,0,0,0,1,,0,0,1,0,0,0,1,1,0,0,,Bastante,4.0
4.0,1,1,0,0,0,0,0,0,0,1,,0,0,0,1,1,0,1,0,0,0,,Bastante,4.0
4.0,1,0,0,0,0,0,0,0,0,1,,0,1,0,1,0,0,1,0,0,0,,Imenso,5.0
3.0,1,1,0,0,0,0,0,0,0,0,,0,0,1,0,0,1,1,0,0,0,,Alguma coisa,3.0
3.0,1,1,0,1,1,0,1,0,0,0,,0,0,0,0,0,1,0,1,0,0,,Bastante,4.0
4.0,1,1,1,0,0,0,1,0,0,0,"Está simples, percetível e muito bem delineado de modo às pessoas irem respondendo às perguntas subsequentemente (podendo sempre voltar atrás no Overview).",0,0,0,1,1,0,0,0,0,0,Podia ter mais exemplos e ter explicações alternativas em vídeo.,Alguma coisa,3.0
4.0,1,1,0,0,1,0,0,0,0,0,,0,0,0,0,0,0,0,0,0,0,Esta pergunta,Alguma coisa,3.0
3.0,1,0,0,0,0,0,0,0,0,1,,0,1,0,0,0,0,1,0,0,0,,Alguma coisa,3.0
4.0,1,0,0,1,0,0,1,0,0,0,,0,1,1,0,0,0,0,0,0,1,,Bastante,4.0
4.0,0,1,0,1,1,0,0,0,0,0,,0,0,0,0,0,0,0,0,0,0,Pouco espaço para desenvolver algumas respostas.,Alguma coisa,3.0
4.0,0,1,0,0,0,1,1,0,0,0,,0,0,1,1,0,0,0,1,0,0,,Bastante,4.0
4.0,1,1,0,1,1,0,0,0,0,0,,0,0,0,0,0,0,0,1,1,1,,Bastante,4.0
4.0,1,1,0,0,0,1,1,0,0,1,,0,0,0,1,0,0,0,0,0,0,,Bastante,4.0
4.0,0,1,0,0,0,1,1,0,0,0,,0,0,0,0,0,0,0,1,1,1,,Bastante,4.0
3.0,1,0,0,0,1,0,0,0,0,0,,0,0,1,1,0,0,1,0,0,0,,Alguma coisa,3.0
4.0,0,0,0,0,0,1,0,0,0,0,,0,0,1,0,0,0,0,1,0,0,A formulação de algumas questões devia ser mais explicita.,Bastante,4.0
4.0,0,1,0,1,1,1,0,0,0,1,,1,0,0,0,0,0,1,0,0,0,So funcionar com o Chrome,Bastante,4.0
4.0,1,1,0,1,1,0,0,0,0,1,,0,0,1,0,0,1,0,0,0,0,,Bastante,4.0
3.0,0,1,0,0,1,0,0,0,0,0,,1,0,0,1,0,0,1,0,0,0,,Bastante,4.0
3.0,1,1,1,1,0,1,0,0,0,0,,0,0,0,0,0,0,0,1,1,0,"Demora do suporte e ajuda em responder a problemas e sentido de justiça. Afinal, no nosso caso, começamos bastante adiantados e derivado a erros técnicos ficamos bastante atrasados quando era nossa estratégia acabar cada etapa antes do tempo previsto para ter tempo de repensar e reeditar e espreitar as perguntas das etapas seguintes, tendo tempo de elaborar uma estratégia de resposta. Derivado a um erro técnico e a demora de longas semanas em responder, ficamos atrasados e, sem puder mesmo pensar. Afinal, sem acesso ao site, não conseguimos ver as perguntas e pensar nas respostas.",Alguma coisa,3.0
4.0,1,1,0,0,0,1,0,0,0,0,,0,0,0,1,1,0,0,0,0,1,,Alguma coisa,3.0
3.0,1,0,0,0,0,1,0,0,0,1,,0,0,0,1,1,0,1,0,0,0,,Alguma coisa,3.0
4.0,0,1,0,1,0,1,0,0,0,1,,0,0,0,0,0,0,0,0,0,0,esclarecimento de dúvidas,Bastante,4.0
3.0,1,0,0,1,0,1,0,0,0,0,,0,1,0,0,0,0,0,1,0,1,,Bastante,4.0
4.0,1,0,0,0,0,1,0,0,0,1,,0,0,0,1,0,0,0,0,1,0,Senti falta de mais formas de ajuda no preenchimento dos campos.,Imenso,5.0
4.0,0,1,1,0,0,0,0,0,0,0,,0,0,0,1,0,1,1,0,0,0,,Alguma coisa,3.0
4.0,0,0,1,0,1,1,0,0,0,0,,1,1,0,0,0,0,1,0,0,0,,Imenso,5.0
3.0,1,0,1,1,1,0,0,0,0,0,,0,1,0,0,0,0,1,1,0,0,,Bastante,4.0
4.0,1,0,0,1,1,0,0,0,0,0,,0,0,0,0,0,0,1,1,0,0,Não encontro mais pontos negativos,Bastante,4.0
4.0,0,0,0,0,1,1,0,0,0,1,,0,0,0,1,0,1,0,0,1,0,,Bastante,4.0
4.0,1,1,1,1,0,1,1,0,0,0,,0,0,0,0,0,0,0,1,1,1,,Bastante,4.0
3.0,1,0,0,0,0,1,0,0,1,0,,0,1,0,0,1,0,1,0,0,0,,Bastante,4.0
4.0,1,0,0,1,0,0,0,0,1,0,,0,0,1,0,0,0,0,0,0,0,,Alguma coisa,3.0
4.0,0,1,0,1,1,1,0,0,0,1,,0,0,0,0,0,0,0,0,0,0,Não há nada que não goste!,Bastante,4.0
4.0,0,1,0,0,0,0,1,0,0,0,,0,0,0,1,0,0,0,1,1,1,,Bastante,4.0
3.0,0,1,0,0,0,1,0,1,0,0,,0,0,1,1,1,0,0,0,0,0,,Pouco,2.0
4.0,1,1,0,0,0,0,0,0,0,0,,1,0,0,0,1,0,1,0,0,0,,Pouco,2.0
3.0,0,0,0,1,0,0,0,0,0,1,Navegação prática,0,0,1,0,0,0,0,0,0,0,"Existem perguntas de âmbito futuro, para as quais não tenho uma resposta ainda concreta",Alguma coisa,3.0
4.0,1,1,0,0,0,0,0,0,0,0,,0,0,0,0,1,0,1,0,0,1,,Bastante,4.0
4.0,1,1,1,1,1,1,1,0,0,0,,0,0,0,1,1,1,0,0,0,0,,Alguma coisa,3.0
4.0,1,1,0,1,0,1,0,0,0,1,,0,0,1,0,1,0,0,0,0,0,,Imenso,5.0
4.0,0,0,0,0,1,0,0,0,1,1,,1,1,0,1,0,0,0,0,0,0,,Alguma coisa,3.0
,0,0,0,0,0,0,0,0,0,0,,0,0,0,0,0,0,0,0,0,0,,,
3.0,1,1,0,1,1,0,0,0,0,0,,0,0,1,0,0,0,0,0,1,1,,Bastante,4.0
4.0,0,1,1,0,1,0,0,0,0,0,,1,0,0,1,0,0,1,0,0,0,,Bastante,4.0
4.0,0,1,1,0,0,1,0,0,0,0,,0,0,0,0,1,0,0,0,0,0,,Bastante,4.0
3.0,0,0,0,0,0,1,0,0,0,0,,0,0,0,0,0,0,1,0,0,0,,Bastante,4.0
3.0,1,0,1,0,0,1,0,0,0,1,,0,1,0,0,0,0,1,1,0,0,,Bastante,4.0
4.0,1,0,1,1,0,1,0,0,0,1,,0,0,0,0,1,0,0,0,0,0,,Bastante,4.0
4.0,0,0,0,0,1,1,0,0,0,1,,1,0,0,1,0,0,0,1,0,0,,Bastante,4.0
4.0,0,1,0,1,1,0,1,0,0,1,,0,0,1,0,0,1,0,0,0,0,Não está relacionado com a plataforma em si. Mas através do telemóvel não é fácil encontrar através do site o link para o Dreamshaper,Bastante,4.0
4.0,0,0,1,1,0,0,0,0,0,0,,0,1,0,0,0,0,0,0,0,0,,Bastante,4.0
3.0,0,0,0,1,1,0,1,0,0,0,,0,0,1,0,0,1,0,0,1,0,,Bastante,4.0
4.0,0,0,0,0,0,1,1,0,1,1,,0,0,0,0,0,0,1,1,0,0,nada mais,Imenso,5.0
4.0,1,1,1,1,1,1,1,1,1,1,,0,0,0,0,0,0,0,0,0,0,Nenhum. Gostei de tudo,Bastante,4.0
3.0,1,0,1,1,0,0,0,0,0,0,,0,0,0,0,0,0,0,0,0,0,Pouco dificil adequar a ferramente a realidade de meu projeto em especial,Bastante,4.0
4.0,0,1,1,1,0,0,0,0,0,0,,0,0,0,0,0,0,1,0,0,0,,Pouco,2.0
4.0,0,0,0,0,0,1,0,0,0,0,,0,0,0,0,0,0,0,0,0,0,nenhum,Bastante,4.0
3.0,0,0,0,0,1,0,1,0,0,0,,0,0,0,0,0,0,0,0,0,0,Linguagem - por vezes com erros de sintaxe ou ortografia,Bastante,4.0
3.0,1,0,0,0,0,0,0,0,1,1,,0,0,1,0,0,1,0,0,0,0,Poucos caracteres pra algumas questões,Alguma coisa,3.0
4.0,1,1,1,1,1,0,0,0,0,0,,0,0,0,0,0,0,0,0,0,0,Não vejo nenhum problema com a ferramenta.,Bastante,4.0
4.0,1,0,1,0,0,0,0,0,0,1,,0,0,0,1,1,0,1,0,0,0,,Bastante,4.0
4.0,1,1,0,0,1,0,0,0,0,1,,0,0,0,0,0,0,0,0,1,0,,Bastante,4.0
3.0,1,1,0,0,0,0,0,0,0,0,,0,0,0,1,1,0,0,0,0,0,"O que está na página devia de ser mais educativo, algumas partes força a ir pesquisar fora do contexto sem saber que está correto.",Alguma coisa,3.0
4.0,1,1,0,1,0,0,0,0,0,1,,0,0,0,0,1,0,1,1,0,0,,Imenso,5.0
4.0,1,1,0,0,1,0,0,0,0,1,,0,1,0,0,0,0,0,0,0,0,,Alguma coisa,3.0
4.0,0,0,0,0,1,1,0,0,0,1,,0,0,1,0,0,0,0,1,1,0,,Bastante,4.0
3.0,1,0,0,1,1,0,0,0,0,0,,0,0,1,0,0,0,0,1,0,1,,Bastante,4.0
4.0,0,1,1,1,0,1,0,0,0,0,,1,0,0,0,1,0,0,1,0,0,,Bastante,4.0
3.0,0,1,0,1,0,0,0,0,0,0,,1,0,0,0,1,0,0,1,0,0,,Bastante,4.0
4.0,1,1,0,1,0,0,0,0,1,1,,0,0,0,0,1,1,1,0,0,0,,Imenso,5.0
4.0,0,1,1,0,1,1,1,0,1,1,,1,0,0,1,0,0,0,1,0,0,,Imenso,5.0
3.0,0,0,0,0,1,1,0,0,0,1,,0,0,0,1,0,0,1,0,0,0,Ao principio não consegui aceder com o meu mail privado.,Bastante,4.0
4.0,1,1,1,1,1,1,0,0,0,1,,0,0,0,0,0,0,1,1,1,0,,Bastante,4.0
3.0,1,0,0,0,0,0,0,0,0,0,,0,1,1,0,0,0,1,0,0,0,,Alguma coisa,3.0
3.0,1,0,0,1,0,0,1,0,0,0,,0,1,0,0,0,0,0,0,0,0,forma de gravar cada alteração,Bastante,4.0
4.0,1,1,0,0,1,0,0,0,0,0,pormenor,0,0,0,0,0,0,1,1,0,0,comunicação indirecta,Bastante,4.0
4.0,1,1,0,0,0,1,1,0,0,0,,0,0,1,0,1,0,0,0,0,0,Não poder especificar bem a minha ideia,Bastante,4.0
4.0,1,1,0,0,1,0,0,0,0,0,,0,0,0,0,0,0,0,0,0,0,nenhum aspeto a referir,Bastante,4.0
4.0,1,0,0,1,1,0,1,0,0,0,,0,0,0,0,0,0,0,0,0,1,,Bastante,4.0
3.0,0,1,0,1,1,0,0,0,0,0,,0,0,1,0,0,1,0,1,0,0,,Alguma coisa,3.0
4.0,1,1,0,0,1,1,0,0,0,1,,0,0,1,0,0,1,1,0,0,0,,Bastante,4.0
3.0,1,1,0,0,0,0,0,0,0,0,,0,0,1,1,1,0,0,0,0,0,,Bastante,4.0
4.0,0,0,0,0,1,1,0,0,0,1,,0,0,0,0,0,0,1,1,0,0,Nao ha nada que nao goste menos,Alguma coisa,3.0
4.0,1,0,0,0,0,0,1,1,0,0,,0,0,0,0,1,0,0,0,0,0,,Alguma coisa,3.0
3.0,1,1,0,1,0,1,1,0,0,0,,0,0,0,0,0,0,0,0,0,0,Faltou uma sessão para anexar um powerpoint ou link do site do projeto,Alguma coisa,3.0
4.0,1,0,0,1,1,1,0,0,0,0,,0,0,1,0,0,0,1,1,0,0,,Bastante,4.0
3.0,0,0,1,0,0,0,0,0,1,1,Organização sumatizada de ideias,1,0,0,1,1,0,0,0,0,0,,Bastante,4.0
4.0,0,1,0,0,1,1,0,0,0,1,,0,0,1,1,0,0,1,0,0,0,,Bastante,4.0
4.0,1,0,0,1,1,0,0,0,0,0,,0,0,0,0,0,0,0,0,0,0,Nada a referir,Imenso,5.0
4.0,1,1,0,0,1,0,0,0,0,0,,0,0,1,0,0,0,1,0,1,0,,Alguma coisa,3.0
4.0,1,1,0,1,0,1,1,0,0,0,,0,0,0,0,0,0,0,1,0,0,,Bastante,4.0
3.0,0,0,1,0,0,1,0,0,0,1,,0,1,0,1,1,0,0,0,0,0,,Bastante,4.0
3.0,1,1,0,0,0,1,0,0,0,0,,0,0,1,0,0,0,1,0,0,1,,Bastante,4.0
4.0,0,1,0,0,0,1,1,0,0,0,,1,0,0,1,1,0,0,0,0,0,,Bastante,4.0
3.0,0,1,0,0,0,0,0,0,0,0,,0,0,0,0,0,1,0,0,0,0,,Alguma coisa,3.0
3.0,0,0,0,0,0,0,1,1,0,1,,1,1,0,0,0,0,0,0,0,0,apontei 3 mas nada a referir,Bastante,4.0
4.0,1,1,1,1,0,1,1,0,0,0,,0,0,0,0,1,0,0,0,0,0,,Bastante,4.0
3.0,1,1,0,0,0,0,1,0,0,0,,0,0,1,1,0,1,0,0,0,0,,Alguma coisa,3.0
3.0,1,1,0,1,0,0,0,0,0,0,,0,0,0,0,1,1,1,0,0,0,,Bastante,4.0
4.0,1,0,1,1,1,1,0,0,0,0,,0,1,0,0,0,0,0,1,0,1,,Imenso,5.0
3.0,1,0,0,0,0,1,0,0,0,0,,0,0,0,1,0,0,0,0,1,1,,Bastante,4.0
4.0,1,0,0,0,0,0,0,0,0,1,,0,1,0,0,0,0,1,0,0,0,,Bastante,4.0
4.0,1,1,0,0,0,1,0,0,0,0,,0,0,0,0,0,0,0,0,0,0,Sem escolha,Bastante,4.0
4.0,0,0,1,1,1,1,0,0,0,0,,1,0,0,0,0,0,0,0,0,0,,Bastante,4.0
3.0,0,1,0,0,0,0,1,0,0,0,,0,0,1,1,1,0,0,0,0,0,,Alguma coisa,3.0
4.0,1,1,0,1,0,1,0,0,0,1,,0,0,1,0,1,0,0,0,0,0,Horário dos workshop's,Bastante,4.0
4.0,1,0,1,1,1,1,1,0,0,0,,0,1,0,1,0,0,0,0,0,0,Quando expira o tempo de navegação perde-se a resposta em execução.,Imenso,5.0
4.0,0,1,0,1,1,0,1,0,0,0,partilha de conhecimento de uma forma clara,0,0,0,0,0,0,0,0,0,0,n.a.,Imenso,5.0
4.0,1,1,0,1,1,1,1,0,0,0,"Fácil de usar, objetiva e orientada a resultado.",0,0,0,0,0,0,0,0,0,0,Não tem.,Alguma coisa,3.0
4.0,0,1,1,0,0,1,1,0,0,1,,1,0,0,1,0,0,0,1,0,0,,Bastante,4.0
4.0,1,1,0,0,0,1,0,0,0,0,,0,0,0,1,1,0,1,0,0,0,,Bastante,4.0
4.0,1,1,0,0,1,1,0,0,0,0,,0,0,0,0,0,0,0,0,0,0,não tenho nenhum ate o momento,Imenso,5.0
4.0,0,1,1,1,1,1,0,0,0,0,,0,0,0,0,0,0,1,1,1,0,,Imenso,5.0
4.0,1,1,1,0,0,1,0,0,0,0,,0,0,0,0,0,0,1,1,1,0,,Imenso,5.0
3.0,0,1,0,1,1,0,0,0,0,1,,0,0,1,0,0,0,0,1,1,0,,Bastante,4.0
3.0,1,0,1,0,0,1,0,0,1,1,,0,1,0,1,1,0,0,0,0,0,,Bastante,4.0
4.0,0,1,0,1,0,1,0,0,0,0,,0,0,0,0,0,0,0,0,0,0,Nenhum em particular,Bastante,4.0
4.0,0,1,0,0,0,1,0,0,1,0,,0,0,1,1,1,0,0,0,0,0,,Imenso,5.0
4.0,1,1,0,1,1,1,1,0,0,1,,0,0,0,0,0,0,0,0,0,0,não há,Bastante,4.0
3.0,1,1,0,0,0,1,1,0,0,1,,0,0,0,0,0,0,0,0,0,0,Algumas fases não funcionam no tablet; dificuldades informáticas consoante o motor utilizado,Alguma coisa,3.0
3.0,0,0,0,1,0,0,0,0,0,0,,0,1,1,0,0,0,1,0,0,0,,Bastante,4.0
4.0,1,1,0,1,1,1,0,0,0,0,,0,0,0,0,0,0,1,1,0,1,,Alguma coisa,3.0
3.0,1,0,0,1,1,1,0,0,0,1,,0,1,0,0,0,0,1,0,1,0,,Bastante,4.0
3.0,1,1,0,0,0,1,0,0,0,0,,0,0,0,0,0,0,0,0,0,0,Poderia haver maior auxilio/adaptabilidade para os proj sociais,Bastante,4.0
4.0,1,1,0,0,0,0,1,0,0,0,A praticidade e organização,0,0,0,0,0,0,0,0,0,0,"No final da 3 etapa, existe algumas perguntas que não fica bem explicito o que se pretende , suscitando algumas duvidas",Alguma coisa,3.0
4.0,0,0,1,0,0,0,0,0,0,1,,0,1,0,1,1,0,0,0,0,0,,Bastante,4.0
3.0,0,1,0,1,1,0,0,0,0,0,,0,0,1,0,0,0,1,0,0,1,,Alguma coisa,3.0
4.0,1,1,0,1,0,1,0,0,0,1,,0,0,0,0,0,0,0,0,0,0,N/a,Imenso,5.0
4.0,1,0,1,1,1,1,0,0,1,1,,0,1,0,0,0,0,0,0,0,0,Sessão quando vai abaixo perda de informação inserida,Imenso,5.0
4.0,1,0,0,0,0,1,1,0,0,0,,0,0,1,1,0,0,0,1,0,0,,Bastante,4.0
4.0,0,1,0,1,1,1,0,0,0,0,,1,0,0,0,0,0,0,0,0,0,,Imenso,5.0
4.0,0,0,1,1,0,0,0,0,0,0,"A forma como tornam simples realizar um plano de negócios, entre outros pontos, direccionando-nos para os pontos chave",0,0,0,0,0,0,1,0,0,0,,Bastante,4.0
4.0,0,0,0,0,1,1,0,0,0,1,,0,1,0,1,0,0,1,0,0,0,,Bastante,4.0
3.0,0,0,0,1,1,0,0,0,1,0,,1,0,0,0,0,0,1,1,0,0,,Bastante,4.0
4.0,1,1,1,1,1,1,0,0,0,0,,0,0,0,0,0,0,0,1,1,1,,Imenso,5.0
3.0,0,1,0,0,0,1,1,0,0,1,,0,0,1,0,1,0,1,0,0,0,,Alguma coisa,3.0
4.0,1,1,0,0,0,1,0,0,0,0,,0,0,0,1,0,0,1,1,0,0,,Bastante,4.0
4.0,0,0,1,1,1,0,0,0,0,1,,0,0,0,0,0,0,0,0,0,0,Não tenho nenhum,Imenso,5.0
4.0,1,0,1,0,1,0,0,0,0,0,,0,1,0,0,0,0,0,1,0,1,,Imenso,5.0
3.0,0,1,0,0,0,1,0,0,0,1,,1,0,0,0,1,0,0,1,0,0,,Bastante,4.0
4.0,1,0,0,1,0,1,0,0,0,0,,0,0,1,0,0,0,0,1,0,1,,Bastante,4.0
4.0,1,1,0,0,0,1,0,0,0,1,,0,0,0,0,1,0,1,0,0,0,Sugestão: Gosto do facto de implementarem vídeo na plataforma mas considero-os um pouco superficiais no conteúdo. Podiam ter exemplos mais desenvolvidos.,Bastante,4.0
4.0,1,1,0,0,1,0,1,0,0,0,,0,0,1,1,0,0,0,0,0,0,impessoal,Bastante,4.0
3.0,0,0,0,0,0,1,1,0,0,0,,0,0,0,0,0,0,0,0,0,0,Pouco espaço de escrita em determinados campos,Bastante,4.0
4.0,1,1,0,1,1,0,1,0,0,0,,0,0,0,0,0,0,1,1,0,0,,Bastante,4.0
3.0,1,0,0,0,0,0,0,0,0,0,,0,0,1,0,0,0,0,0,0,0,Limitação de caracteres em algumas respostas,Alguma coisa,3.0
4.0,1,0,0,1,1,0,0,0,0,0,,0,0,0,0,0,0,0,0,0,0,Não existe nada que não tenha gostado,Bastante,4.0
4.0,0,1,0,0,0,1,0,0,0,1,,0,1,0,0,0,1,0,0,0,1,,Imenso,5.0
4.0,0,0,1,1,0,1,0,0,0,0,,0,1,0,0,0,0,1,1,0,0,,Bastante,4.0
4.0,0,1,0,0,0,1,0,0,0,0,,0,0,0,1,1,0,0,0,0,1,,Alguma coisa,3.0
4.0,1,1,1,1,1,1,0,0,0,0,,0,0,0,1,0,0,0,0,0,0,,Bastante,4.0
4.0,0,1,1,0,0,0,0,0,1,0,,0,0,0,0,0,1,0,0,0,0,,Alguma coisa,3.0
4.0,0,0,0,0,0,0,0,0,1,1,,1,1,1,0,0,0,0,0,0,0,,Bastante,4.0
4.0,1,1,0,1,1,1,1,0,0,1,,0,0,1,0,0,0,0,1,1,0,,Bastante,4.0
4.0,1,0,0,0,0,1,0,0,0,0,,0,1,0,0,0,0,0,0,0,0,,Bastante,4.0
4.0,0,1,0,1,0,0,0,0,0,1,,1,0,1,0,0,0,1,0,0,0,,Alguma coisa,3.0
4.0,0,1,0,0,0,1,1,0,0,0,,0,0,1,1,1,0,0,0,0,0,,Imenso,5.0
4.0,0,0,0,0,1,1,1,0,0,1,,1,1,1,0,0,0,0,0,0,0,,Bastante,4.0
4.0,0,0,0,1,0,1,1,0,0,0,,0,1,0,0,0,0,0,0,0,0,,Bastante,4.0
4.0,1,1,1,0,1,0,0,0,0,1,,0,0,0,0,0,0,0,0,0,0,não há nada a criticar,Bastante,4.0
4.0,0,1,0,0,0,0,0,0,0,1,,0,0,1,1,1,0,0,0,0,0,,Bastante,4.0
4.0,1,1,0,1,0,0,1,0,0,0,,0,0,1,0,0,0,1,0,1,0,,Bastante,4.0
4.0,1,0,0,0,1,1,0,0,0,1,,0,0,1,1,0,0,1,0,0,0,,Bastante,4.0
4.0,0,1,0,0,1,1,0,0,0,0,,0,0,0,1,0,0,0,1,0,0,Exemplos práticos que ajude nas respostas,Bastante,4.0
4.0,0,0,1,1,0,1,0,0,0,0,,1,1,0,0,1,0,0,0,0,0,,Imenso,5.0
4.0,0,1,0,1,1,0,0,0,0,1,,0,0,0,0,0,0,0,1,0,0,,Imenso,5.0
4.0,0,1,0,0,1,0,0,0,0,0,,1,0,1,0,0,0,1,0,0,0,,Bastante,4.0
3.0,1,1,0,0,0,1,0,0,0,1,,0,0,0,0,1,0,1,1,0,0,,Bastante,4.0
3.0,0,1,1,0,0,1,0,0,0,0,,0,0,0,1,1,0,0,1,0,0,,Bastante,4.0
3.0,1,1,0,0,0,0,1,0,0,0,,0,0,0,0,0,1,0,0,0,0,,Alguma coisa,3.0
3.0,0,1,0,0,0,1,0,0,0,1,,0,0,1,0,0,0,0,0,0,0,Tempo limite de login que por vezes apaga o que se escreveu se demoramos um pouco mais de tempo a gravar; o limite de caracteres para descrição de ideia: um dos meus projetos tem muitas funcionalidades e não me foi possível resumir o potencial da ideia nos caracteres disponíveis.,Bastante,4.0
4.0,1,1,1,1,1,1,0,0,0,0,,0,0,0,0,0,0,1,1,0,0,Falta de exemplos mais específicos nos modos mais avançados,Imenso,5.0
3.0,0,0,1,0,0,1,0,0,0,1,,0,0,0,0,1,0,0,0,0,0,,Alguma coisa,3.0
3.0,1,1,0,0,0,0,0,0,0,1,,0,0,1,1,1,0,0,0,0,0,,Bastante,4.0
4.0,1,1,1,1,1,1,1,1,1,1,,0,0,0,0,0,0,0,1,1,1,,Bastante,4.0
4.0,0,0,0,1,1,0,0,0,0,0,,0,0,0,0,0,0,1,0,0,0,,Bastante,4.0
4.0,1,1,1,1,1,1,1,1,1,1,,0,0,0,0,0,0,0,0,0,0,Gosto de todas as ferramentas,Imenso,5.0
4.0,1,0,1,0,0,1,1,0,0,1,,0,0,0,1,1,0,1,0,0,0,,Alguma coisa,3.0
4.0,1,1,0,0,1,1,1,0,0,0,,0,0,0,1,0,0,0,1,0,1,,Bastante,4.0
3.0,0,0,0,0,1,1,0,0,0,1,,0,1,1,0,0,0,0,0,0,0,O website não está preparado para ser acedido via tablet.,Alguma coisa,3.0
4.0,0,1,0,0,0,1,0,0,0,1,,0,0,0,1,0,0,1,1,0,0,,Bastante,4.0
4.0,0,1,0,0,0,0,1,0,0,1,,0,0,1,0,0,0,0,0,0,0,,Alguma coisa,3.0
3.0,0,1,0,0,0,1,0,0,0,1,,0,0,0,1,1,0,1,0,0,0,,Bastante,4.0
3.0,0,1,0,1,0,0,0,0,1,1,,1,0,0,0,1,0,0,0,0,1,,Alguma coisa,3.0
4.0,0,1,1,0,1,1,0,0,0,1,,0,0,0,0,0,0,0,0,1,0,Não consigo saber se há alguém mais disponivel para duvidas mais especificas. Mais no caso de um projeto social.,Alguma coisa,3.0
4.0,0,0,0,0,0,1,0,0,0,0,,0,1,0,0,1,0,1,0,0,0,,Imenso,5.0
4.0,0,0,0,0,1,1,0,0,0,1,,0,1,0,1,0,0,0,0,0,0,,Bastante,4.0
3.0,1,0,0,0,0,0,1,0,1,0,,0,1,0,0,1,0,1,0,0,0,,Alguma coisa,3.0
4.0,1,0,0,1,0,0,0,0,1,0,,0,0,0,0,1,0,0,0,0,0,,Bastante,4.0
4.0,0,1,0,0,0,0,0,0,0,1,Plataforma simples e intuitiva,0,0,1,1,1,0,0,0,0,0,,Bastante,4.0
4.0,1,1,0,0,1,0,0,0,0,0,,0,0,0,0,0,0,0,0,0,0,Não houve nenhum especialmente desagradável,Alguma coisa,3.0
4.0,1,1,0,0,1,0,1,0,0,0,,0,0,0,1,0,0,0,0,0,0,,Bastante,4.0
3.0,0,0,0,1,1,1,0,0,0,0,,0,1,0,0,0,0,1,1,0,0,,Bastante,4.0
4.0,1,0,0,1,1,0,1,0,0,0,,0,0,1,0,0,0,0,1,1,0,,Bastante,4.0
3.0,0,1,1,0,0,1,0,0,0,0,,0,0,0,0,0,0,0,0,0,0,Falta de flexibilidade (nalguns casos) para acomodar especificidades de negócios atípicos (como é a maioria dos negócios inovadores),Bastante,4.0
3.0,1,0,0,1,0,1,1,0,0,1,,0,0,1,1,1,0,0,0,0,0,,Alguma coisa,3.0
4.0,0,1,1,0,0,1,0,0,0,0,,0,0,0,0,0,0,0,1,1,0,,Bastante,4.0
4.0,1,0,1,1,1,1,0,0,0,0,,0,1,0,0,0,0,0,1,1,0,,Bastante,4.0
3.0,0,1,0,0,1,1,0,0,0,0,,0,0,0,1,0,0,1,1,0,0,,Bastante,4.0
4.0,1,1,0,0,0,1,1,1,1,1,,0,0,1,1,1,0,0,0,0,0,,Alguma coisa,3.0
3.0,1,0,0,1,0,1,0,0,0,0,,0,1,0,0,0,0,1,0,0,0,,Alguma coisa,3.0
4.0,1,1,1,0,1,1,0,0,0,0,,0,0,0,0,0,0,0,0,0,0,nenhum,Pouco,2.0
4.0,1,1,0,0,0,0,0,0,0,0,,0,0,0,1,0,0,0,0,0,0,,Alguma coisa,3.0
4.0,0,1,0,0,1,1,0,0,0,0,,0,0,1,1,0,0,0,0,0,0,Não conseguir tirar algumas duvidas rapidamente,Imenso,5.0
4.0,1,1,1,1,0,1,1,0,0,0,,0,0,0,0,0,0,0,1,0,1,Navegação na ferramenta quando era necessário voltar a etapas anteriores para correção do CANVAS,Bastante,4.0
4.0,0,0,0,1,1,1,0,0,0,0,,0,0,1,0,0,1,0,1,0,0,,Bastante,4.0
4.0,0,1,0,1,0,0,0,0,0,0,,0,0,0,0,0,1,0,1,1,0,,Bastante,4.0
,0,0,0,0,0,0,0,0,0,0,,0,0,0,0,0,0,0,0,0,0,,,
4.0,0,1,0,0,0,1,1,0,0,1,,0,0,0,0,0,0,0,0,0,0,Edição de fases anteriores apresenta alguns problemas,Bastante,4.0
3.0,1,0,0,0,0,1,0,0,0,0,,0,1,0,0,1,0,0,0,0,0,,Bastante,4.0
4.0,1,1,0,1,0,0,0,0,0,0,,0,1,1,0,1,0,0,0,0,0,,Bastante,4.0
4.0,1,1,1,0,0,1,1,0,0,0,,0,0,0,1,1,0,0,0,0,0,Redundâncias,Alguma coisa,3.0
4.0,1,0,0,0,0,0,0,0,0,0,,0,0,1,1,1,0,0,0,0,0,,Alguma coisa,3.0
4.0,1,0,1,1,0,0,0,0,0,0,,0,0,0,0,1,0,1,0,0,0,Algumas ferramentas não estarem perfeitas para mobile,Bastante,4.0
3.0,0,0,0,1,0,1,0,0,0,1,,0,1,0,0,0,0,1,1,0,0,,Bastante,4.0
3.0,0,0,0,1,1,1,0,0,0,0,,0,0,1,0,0,0,0,1,0,0,Limite na descrição de determinados itens,Alguma coisa,3.0
4.0,0,1,1,1,1,0,0,0,0,0,,0,0,0,0,0,0,0,0,0,0,dificuldade de acesso a etapas através de ipad e iphone,Imenso,5.0
3.0,0,1,0,1,1,1,0,0,0,0,,1,0,0,0,0,0,0,1,0,0,Algumas perguntas são difíceis de responder.,Bastante,4.0
4.0,1,0,1,0,0,0,0,0,0,0,,0,1,0,0,0,0,1,1,0,0,,Bastante,4.0
3.0,0,0,0,1,1,1,0,0,0,0,,1,0,1,0,0,0,1,0,0,0,,Bastante,4.0
3.0,1,1,1,1,0,0,0,0,0,0,,1,0,1,0,0,1,0,0,0,0,,Bastante,4.0
4.0,1,1,1,1,1,0,1,0,0,0,organização do módulos e sua sequência,0,1,0,0,0,0,0,1,1,0,"Navegação: dentro de cada modulo não poder saltar para páginas que não seja a próxima ou anterior, como já tem lá os traços azul que indica quantas páginas tem e qual a ativa, tb podia dar para clicar nos outros e ir logo para a página e não só através dos botões Moral da equipa: podia ser mais interativo permitindo os restantes elementos da equipa indicarem a sua opinião tipo likes... Gestão de equipa: podia permitir enviar  pedidos simples e obter feedback, por exemplo sempre que se termina um modulo que poderia ser revisto por outro elemento de equipa, poder enviar essa indicação a esse elemento para ele olhar para esse assunto em especifico...",Bastante,4.0
4.0,0,1,1,1,0,0,0,0,0,0,,1,0,0,0,0,0,1,1,0,0,,Bastante,4.0
3.0,0,0,1,0,1,1,0,0,0,0,,0,1,0,1,0,0,0,0,0,1,,Bastante,4.0
4.0,1,0,0,0,1,0,1,0,0,1,,0,1,0,0,0,0,1,1,0,0,,Bastante,4.0
4.0,1,1,0,1,1,0,0,0,0,0,,0,0,0,0,0,0,0,0,0,0,nada,Bastante,4.0
4.0,0,1,0,1,1,1,0,0,0,1,,1,0,1,0,0,0,0,0,1,0,,Bastante,4.0
4.0,0,1,0,0,0,1,0,1,0,0,,0,0,1,1,0,0,0,0,0,0,Eventualmente por alguma incompatibilidade com o modelo,Bastante,4.0
4.0,0,1,0,1,0,1,0,0,0,0,,0,0,0,0,0,0,1,1,0,1,,Imenso,5.0
4.0,0,1,0,1,1,0,1,0,0,0,,1,0,0,0,0,0,0,0,0,0,,Bastante,4.0
3.0,1,1,0,1,1,0,0,0,0,1,,0,0,0,0,0,0,1,1,1,0,,Bastante,4.0
4.0,1,1,0,1,1,1,1,0,0,0,,0,0,0,0,0,0,0,1,1,0,Não tenho nada que goste menos.,Bastante,4.0
4.0,0,1,0,0,0,1,0,0,1,0,,1,0,1,0,0,0,0,0,0,0,nao deviam aprofundar tanto,Alguma coisa,3.0
4.0,0,1,0,1,1,0,0,0,0,0,,1,0,0,0,0,0,0,1,1,0,,Bastante,4.0
4.0,1,1,0,0,0,0,0,0,0,1,,0,0,1,1,1,0,0,0,0,0,,Alguma coisa,3.0
4.0,0,1,0,0,0,1,0,0,0,0,,1,0,0,0,0,0,1,1,0,0,,Bastante,4.0
4.0,1,0,0,1,1,0,0,0,0,0,,0,0,1,0,0,1,1,0,0,0,,Imenso,5.0
3.0,0,1,1,1,1,1,1,1,1,1,Forma como colocamos nossas ideias em ordem.,0,0,0,0,0,0,0,0,0,0,Gostei de tudo,Bastante,4.0
3.0,1,1,0,0,1,0,1,0,0,0,,0,0,1,0,0,1,0,0,0,0,Nao ter acesso ao questionário seguinte sem responder ao actual,Alguma coisa,3.0
3.0,1,1,0,0,0,0,0,1,0,1,,0,0,0,1,0,0,1,0,1,0,,Bastante,4.0
4.0,1,1,0,1,1,0,1,0,1,1,,0,0,1,0,0,1,0,0,0,0,texto,Imenso,5.0
4.0,1,1,0,1,0,0,0,0,0,0,,0,0,1,0,0,0,1,0,1,0,,Bastante,4.0
4.0,0,1,0,0,0,1,0,0,0,1,,1,0,0,1,0,0,1,0,0,0,,Alguma coisa,3.0
2.0,1,0,0,0,0,0,0,0,0,0,,0,1,0,0,0,0,1,0,0,0,Pouco completa,Alguma coisa,3.0
4.0,0,0,1,0,0,1,0,0,0,1,,0,0,0,0,0,0,1,1,1,0,,Bastante,4.0
4.0,0,1,0,0,1,1,1,0,0,1,,1,0,0,1,0,0,0,1,0,0,,Imenso,5.0
2.0,0,1,1,1,0,1,0,0,0,0,,0,0,0,0,0,0,1,0,0,1,,Alguma coisa,3.0
4.0,0,0,0,1,0,1,0,0,0,1,,1,1,0,0,0,0,0,0,0,0,Nada a referir,Bastante,4.0
4.0,1,1,0,1,1,1,0,0,0,0,,0,0,1,0,0,0,1,0,1,0,,Bastante,4.0
4.0,0,1,0,0,0,1,0,0,0,0,,0,0,0,1,0,0,1,0,0,0,Fraco ao nível de suporte e de comunicação com os candidatos,Alguma coisa,3.0
4.0,1,1,1,0,0,0,0,0,0,0,,0,0,0,1,1,1,0,0,0,0,,Imenso,5.0
4.0,1,1,0,0,1,0,1,0,0,1,,0,0,0,1,0,1,0,0,1,0,,Bastante,4.0
4.0,0,0,0,0,1,1,0,0,0,1,,0,1,0,1,0,0,0,1,0,0,,Bastante,4.0
3.0,0,1,0,0,0,0,0,0,0,0,,0,0,1,0,0,0,0,1,1,0,,Pouco,2.0
4.0,1,1,1,0,1,1,0,1,1,0,,0,0,0,1,0,0,1,0,0,1,,Imenso,5.0
4.0,1,1,0,0,1,0,0,0,0,0,,0,0,0,0,0,0,0,0,0,0,Não tive nenhum aspecto que não tivesse gostado!,Bastante,4.0
4.0,0,1,0,0,1,0,0,0,0,0,,0,0,1,0,0,0,0,1,1,0,,Alguma coisa,3.0
3.0,0,0,0,0,0,1,0,0,0,1,,0,1,1,0,0,0,1,0,0,0,,Bastante,4.0
4.0,1,1,0,0,1,1,0,0,1,1,,0,0,0,0,0,0,0,0,0,0,Ás vezes página bloqueava,Imenso,5.0
4.0,1,0,1,0,0,1,0,0,0,0,,0,0,0,1,0,0,1,1,0,0,,Bastante,4.0
4.0,0,0,0,0,1,1,0,0,0,1,,1,1,0,1,0,0,0,0,0,0,,Bastante,4.0
3.0,1,1,0,0,1,1,1,1,1,1,,0,0,1,1,0,0,0,0,0,0,,Bastante,4.0
4.0,0,0,1,1,0,1,0,0,0,0,,0,0,0,0,0,0,0,1,1,1,,Bastante,4.0
4.0,1,1,0,1,0,1,0,0,1,1,,0,0,1,1,1,0,0,0,0,0,,Imenso,5.0
3.0,0,0,0,0,0,1,0,0,0,1,,0,1,1,1,0,0,0,0,0,0,,Bastante,4.0
4.0,1,1,1,0,0,0,0,0,0,0,,0,0,0,1,1,0,0,0,0,0,,Imenso,5.0
4.0,0,1,1,0,0,0,1,0,0,0,,0,0,0,0,0,0,0,1,1,1,,Alguma coisa,3.0
4.0,0,1,0,1,0,1,1,0,0,0,,0,0,0,0,0,0,0,0,1,0,,Bastante,4.0
3.0,1,1,1,0,0,0,0,0,0,1,,0,0,0,1,0,0,1,1,0,0,,Imenso,5.0
3.0,0,0,0,0,1,0,0,0,0,0,,0,0,1,1,0,0,0,0,0,0,O facto das questões terem de ser tão padronizadas acabam por atrapalhar quando os projectos não estão bem enquadrados,Alguma coisa,3.0
4.0,1,1,0,0,1,1,0,0,0,0,,0,0,0,0,0,0,0,0,0,0,"na verdade, são todos bem conseguidos",Bastante,4.0
4.0,1,1,0,0,0,0,0,0,0,0,,0,0,0,0,1,0,0,0,0,0,,Alguma coisa,3.0
4.0,0,0,1,0,0,1,1,0,0,0,,0,1,0,0,1,0,0,0,0,0,,Imenso,5.0
4.0,1,0,0,1,0,0,0,0,0,0,,0,0,1,0,0,0,0,0,0,0,,Pouco,2.0
4.0,0,1,0,1,1,1,0,0,0,0,,1,0,1,0,0,0,0,1,0,0,,Bastante,4.0
3.0,1,0,0,0,0,0,1,0,0,1,,0,0,1,1,1,0,0,0,0,0,,Bastante,4.0
4.0,0,0,1,1,0,1,0,0,0,0,,0,1,0,0,0,0,1,0,0,0,Falhas no carregamento de ficheiros,Imenso,5.0
4.0,0,1,0,0,1,1,0,0,1,0,,1,0,0,0,0,0,1,0,0,1,apresentação do posicionamento (desadequada para a hotelaria),Imenso,5.0
4.0,1,0,1,0,1,0,0,0,0,0,,0,0,0,1,0,0,1,0,0,1,,Imenso,5.0
4.0,1,1,0,1,1,1,0,0,0,0,,0,0,1,0,0,0,1,1,0,0,,Bastante,4.0
4.0,0,1,0,1,1,1,0,0,0,0,,1,0,0,0,0,0,1,0,0,1,,Bastante,4.0
4.0,0,1,0,1,0,0,0,0,1,1,,1,0,1,0,0,0,1,0,0,0,,Imenso,5.0
4.0,0,1,0,0,0,1,1,0,0,0,,0,0,0,0,0,0,0,0,0,0,obrigado por tudo,Imenso,5.0
4.0,0,1,0,1,1,1,0,0,1,0,,0,0,0,0,0,0,0,0,0,0,Nada em especial,Bastante,4.0
3.0,0,0,1,0,1,0,0,0,0,1,,0,1,0,0,0,0,1,1,0,0,,Bastante,4.0
4.0,0,1,0,0,0,1,0,0,0,0,,0,0,0,0,1,0,0,0,0,0,O glossário de termos é limitado; limite de caracteres por vezes insuficiente,Bastante,4.0
3.0,1,0,0,1,1,0,0,0,0,0,,0,0,0,0,0,0,1,0,1,1,,Bastante,4.0
3.0,0,0,0,0,0,0,0,0,0,1,,1,1,0,0,1,0,0,0,0,0,,Alguma coisa,3.0
3.0,1,0,0,0,1,0,1,0,0,0,,0,0,0,0,0,0,0,0,0,0,nada a assinalar,Alguma coisa,3.0
3.0,1,0,0,1,0,0,1,0,0,0,,0,1,0,0,0,0,0,0,0,0,,Bastante,4.0
4.0,0,0,1,0,0,1,1,0,0,0,,0,1,0,1,0,0,0,1,0,0,,Bastante,4.0
3.0,1,0,1,1,1,0,0,0,0,0,,0,1,0,0,0,0,1,1,0,0,,Bastante,4.0
4.0,1,1,1,1,1,1,1,1,1,1,Fantástica plataforma!!! Adorei!,0,0,0,0,0,0,0,0,0,0,Nada.,Imenso,5.0
4.0,1,0,1,0,0,0,0,0,0,1,,0,0,0,1,1,0,1,0,0,0,,Bastante,4.0
4.0,1,0,0,1,1,1,0,0,0,1,,0,0,1,0,0,0,0,1,1,0,,Bastante,4.0
4.0,1,1,0,0,0,0,1,0,0,0,,0,1,1,0,0,0,0,0,0,1,,Bastante,4.0
4.0,0,1,0,1,1,1,0,0,0,1,,1,0,0,0,0,0,1,0,0,0,Na verdade nada a apontar,Imenso,5.0
4.0,0,1,0,0,0,1,0,0,0,0,,0,0,0,0,0,0,0,1,0,0,,Bastante,4.0
4.0,1,1,1,1,0,1,1,0,0,1,,0,0,0,0,1,0,0,0,1,0,,Bastante,4.0
3.0,0,1,1,1,0,0,0,0,0,0,,0,0,0,0,0,1,0,0,0,0,,Alguma coisa,3.0
3.0,1,0,0,1,1,0,0,0,0,1,,0,0,1,0,0,1,0,0,0,0,"Algumas perguntas não se adequam a quem quer desenvolver algo que já existe, estão mais direccionadas para quem está a iniciar uma ideia e não para quem quer crescer.",Alguma coisa,3.0
3.0,1,1,0,0,1,0,1,0,0,0,,0,0,0,1,0,1,0,0,0,0,,Alguma coisa,3.0
3.0,0,1,0,1,1,0,0,0,0,0,,1,0,1,0,0,0,1,0,0,0,,Alguma coisa,3.0
4.0,0,0,0,1,1,1,0,0,0,0,,1,0,0,0,0,0,1,0,0,0,alguns pontos não estão vocacionados para ONG,Bastante,4.0
4.0,1,1,0,0,1,1,0,0,0,0,,0,0,1,1,0,0,1,0,0,0,,Bastante,4.0
3.0,0,1,0,0,0,0,0,0,0,0,,0,0,0,1,1,0,1,0,0,0,,Alguma coisa,3.0
4.0,1,0,1,1,1,1,0,0,0,0,,0,0,0,0,0,0,0,0,0,0,nenhum,Imenso,5.0
4.0,0,1,0,0,1,0,0,0,0,0,,0,0,0,0,0,0,0,0,0,0,Nenhum,Bastante,4.0
4.0,1,1,0,0,0,1,0,0,1,1,,0,0,0,1,1,0,1,0,0,0,,Bastante,4.0
4.0,1,1,0,0,1,1,0,1,0,0,,0,0,1,0,0,0,0,0,0,0,,Imenso,5.0
2.0,1,0,1,1,0,0,0,0,0,0,,0,1,0,0,1,0,1,0,0,0,,Alguma coisa,3.0
4.0,0,1,0,0,1,1,0,0,0,0,,0,0,1,0,0,0,0,0,0,0,,Bastante,4.0
3.0,1,0,0,1,1,0,0,0,0,0,,0,0,1,0,0,0,0,0,0,0,,Imenso,5.0
1.0,1,1,0,1,0,0,0,0,0,0,,0,0,1,0,0,0,0,0,0,0,,Nada,1.0
3.0,1,1,0,0,0,1,0,0,0,0,,0,0,1,0,1,0,1,0,0,0,,Bastante,4.0
,0,0,0,0,0,0,0,0,0,0,,0,0,0,0,0,0,0,0,0,0,,,
3.0,0,0,1,0,0,1,0,0,0,0,,0,1,0,0,0,0,1,0,0,0,limite de caracteres,Alguma coisa,3.0
4.0,1,0,1,0,1,0,1,0,0,0,,0,0,0,0,0,0,0,0,0,0,nenhum,Bastante,4.0
4.0,0,1,0,1,1,1,0,0,0,1,,0,0,0,0,0,0,0,0,0,0,Não consigo indicar até agora nenhum aspecto de que não goste,Alguma coisa,3.0
4.0,1,0,0,1,0,0,0,1,0,0,,0,0,1,1,1,0,0,0,0,0,,Bastante,4.0
4.0,1,0,1,1,0,0,0,0,0,0,,0,0,1,0,0,0,1,1,0,0,,Alguma coisa,3.0
4.0,1,1,0,1,1,0,0,0,0,0,,0,0,1,0,0,0,0,0,0,0,,Bastante,4.0
4.0,0,1,0,1,0,1,1,0,0,1,,0,1,0,0,0,1,0,0,0,1,,Bastante,4.0
4.0,1,0,1,0,0,1,1,0,0,1,,0,1,0,0,1,0,0,0,0,0,,Bastante,4.0
3.0,1,1,0,1,0,0,0,0,0,0,,0,0,0,0,0,0,0,0,0,0,"Não poder ter vários projectos abertos em simultâneo, Visualização do que foi criado, Preenchimento de algumas questões não está prática",Alguma coisa,3.0
3.0,0,1,0,0,0,1,0,0,0,0,,0,0,0,0,1,0,0,0,1,1,,Alguma coisa,3.0
3.0,1,1,0,0,0,0,0,0,0,0,Gestão da plataforma,0,0,1,0,1,0,0,0,0,0,Poderia ter um live chat box,Alguma coisa,3.0
3.0,0,1,0,0,0,0,0,0,0,0,,0,0,0,0,0,0,0,0,0,0,"Até o presente momento não foi perguntado ou sugerido onde seria implantado o projeto, já que se trata de um nixo de mercado, é relevante para minha pesquisa de campo entre outros fatores de segmentação de mercado e foco no resultado.",Alguma coisa,3.0
3.0,0,1,0,0,0,0,0,0,0,0,,0,1,1,0,0,1,0,0,0,0,,Bastante,4.0
4.0,0,0,1,1,0,1,0,0,0,0,,1,1,0,0,0,0,1,0,0,0,,Bastante,4.0
4.0,1,0,1,0,1,0,1,0,0,1,,0,1,0,1,0,0,0,0,0,0,,Bastante,4.0
4.0,1,1,1,1,1,1,0,0,1,1,,0,0,0,0,0,1,1,1,0,0,,Bastante,4.0
4.0,0,0,1,1,0,0,1,0,0,0,,0,0,0,0,1,0,0,1,1,0,,Bastante,4.0
2.0,1,0,0,0,0,0,0,0,0,0,,0,0,1,0,0,0,0,0,1,1,,Pouco,2.0
4.0,1,0,1,0,1,0,0,0,0,0,,0,0,0,1,0,0,1,1,0,0,,Bastante,4.0
4.0,1,0,0,0,1,0,0,0,0,0,,0,0,0,0,0,0,0,0,0,0,NÃO ENCONTREI PONTOS NEGATIVOS,Bastante,4.0
3.0,1,1,0,1,1,0,0,0,0,0,De fácil utilização e não se ia abaixo por mais tempo que eu demorasse a responder.,0,0,0,0,0,0,1,1,0,0,"3 aspetos é muito, o número devia ser livre como na pergunta anterior. Escolhi estas 3 por ter de escolher 3.",Bastante,4.0
4.0,1,0,0,1,0,1,0,0,0,0,,0,0,0,0,0,0,1,0,1,1,,Bastante,4.0
4.0,1,1,0,1,1,1,1,0,0,1,,0,0,0,1,0,0,0,1,1,0,,Imenso,5.0
4.0,0,1,0,1,1,1,0,0,0,0,,0,0,0,0,0,0,1,1,1,0,,Bastante,4.0
4.0,1,1,1,1,0,1,1,0,1,1,,0,0,0,0,1,0,0,0,0,0,,Bastante,4.0
4.0,0,1,0,0,1,0,1,0,0,0,,0,1,0,0,0,0,0,0,0,0,,Alguma coisa,3.0
4.0,1,1,0,0,0,1,0,0,0,0,,0,0,0,1,1,0,0,1,0,0,,Alguma coisa,3.0
3.0,1,1,0,0,0,1,0,0,0,0,,0,0,1,1,1,0,0,0,0,0,,Alguma coisa,3.0
3.0,1,1,0,1,1,0,0,0,0,1,,0,0,1,0,0,0,0,0,0,0,,Bastante,4.0
4.0,1,0,1,0,0,1,0,0,0,0,,0,1,0,1,1,0,0,0,0,0,,Bastante,4.0
3.0,1,0,1,0,1,0,0,0,0,0,,0,1,0,1,0,0,1,0,0,0,,Bastante,4.0
4.0,0,0,0,0,0,1,0,0,0,0,User Friendly,0,0,1,0,0,0,1,0,0,1,,Bastante,4.0
4.0,0,1,1,1,0,1,1,0,0,0,,0,0,0,0,1,0,0,0,1,1,,Bastante,4.0
3.0,1,1,0,0,0,0,0,0,0,1,,0,0,0,0,0,0,0,1,0,0,,Alguma coisa,3.0
3.0,0,1,0,0,1,0,1,0,0,0,,1,0,1,1,0,0,0,0,0,0,,Alguma coisa,3.0
4.0,1,0,0,0,0,0,0,0,1,0,,0,0,0,0,0,0,0,0,0,0,não tem nada em particular,Bastante,4.0
4.0,1,0,1,1,0,1,0,1,0,0,,0,1,0,0,0,0,1,0,1,0,,Bastante,4.0
4.0,1,0,0,0,1,0,1,1,1,0,,0,0,1,0,0,0,0,0,0,1,Acesssibilidade a respostas anteriores,Bastante,4.0
3.0,0,0,0,1,1,0,0,0,0,0,,0,1,1,0,0,0,0,0,0,0,,Alguma coisa,3.0
4.0,0,1,0,0,0,1,1,0,0,0,,0,0,1,1,1,0,0,0,0,0,,Alguma coisa,3.0
3.0,0,0,1,1,0,0,0,0,0,1,,0,0,0,0,0,0,0,1,0,0,Simulacao de valores,Bastante,4.0
4.0,1,0,1,0,0,0,0,0,0,0,,0,0,0,1,0,0,1,1,0,0,,Pouco,2.0
3.0,0,1,0,0,0,1,1,0,0,0,,1,0,0,0,1,0,1,0,0,0,,Bastante,4.0
4.0,1,1,0,0,0,1,0,0,0,0,Facilidade/pertinência do encadeamento do modelo,0,0,1,0,0,0,1,0,0,0,"Espaços limitados, dificultando a plena apresentação ideias",Bastante,4.0
2.0,1,1,0,0,1,0,0,0,0,0,,0,0,1,1,0,1,0,0,0,0,,Alguma coisa,3.0
4.0,1,1,0,0,1,1,0,0,0,1,,0,0,1,1,0,0,0,0,0,0,,Bastante,4.0
4.0,0,1,0,0,0,0,0,0,0,0,facilidade de utilização,0,0,0,0,0,0,0,0,0,0,nenhum,Bastante,4.0
4.0,1,1,0,0,1,1,0,0,0,0,,0,0,1,0,0,0,1,0,0,0,Algumas perguntas não são claramente elucidativas,Alguma coisa,3.0
4.0,0,0,0,1,1,0,0,0,0,0,É muito intuitivo e o facto de estar separado por módulos facilita o preenchimento,0,0,0,0,0,0,0,0,0,0,O formulário está bastante longo.,Alguma coisa,3.0
4.0,1,1,1,0,0,1,0,0,0,0,,0,0,0,0,1,0,0,1,1,0,,Imenso,5.0
4.0,1,1,1,0,0,1,0,0,0,1,,0,0,0,1,1,0,1,0,0,0,,Bastante,4.0
4.0,0,1,0,0,1,1,0,0,0,0,,1,0,0,1,0,0,0,0,0,0,Muito dificil escolher pontos que menos gosto a algo que me ajudou tanto,Bastante,4.0
2.0,1,1,0,0,1,0,1,0,0,1,,0,0,1,0,0,1,0,0,0,0,most questions are not relevant to my project it shows lack of knowledge   .,Pouco,2.0
3.0,1,1,0,0,0,1,0,0,0,0,,0,0,0,1,0,0,0,0,1,1,,Bastante,4.0
3.0,0,0,0,0,0,1,0,0,1,1,,1,0,1,1,0,0,0,0,0,0,,Alguma coisa,3.0
4.0,1,1,0,1,0,0,0,0,0,0,,0,0,1,0,0,0,0,0,1,1,,Imenso,5.0
4.0,1,1,1,0,0,0,0,0,0,0,,0,1,0,1,0,0,1,0,0,0,,Bastante,4.0
4.0,0,1,0,0,0,1,1,0,0,0,,1,0,1,0,0,0,0,0,0,1,,Alguma coisa,3.0
4.0,0,1,1,0,0,0,0,0,0,1,objetividade,0,0,0,0,0,0,0,0,0,0,longo,Bastante,4.0
3.0,0,0,1,1,0,1,0,0,0,0,,0,0,0,0,0,0,1,0,1,1,,Alguma coisa,3.0
3.0,1,1,0,1,0,0,0,0,0,0,,0,0,0,0,0,0,1,0,0,0,Perguntas onde fico com duvidas sobre as mesmas.Pergutnas com a limitação de espaço.,Imenso,5.0
3.0,1,0,0,0,0,1,0,0,1,0,,0,0,0,1,0,0,1,1,0,0,,Alguma coisa,3.0
4.0,1,1,1,1,1,0,0,0,0,0,,0,0,0,0,0,0,0,0,0,0,Terminologia inadequada,Bastante,4.0
,0,0,0,0,0,0,0,0,0,0,,0,0,0,0,0,0,0,0,0,0,,,
4.0,1,1,0,1,0,0,0,0,0,0,,0,0,1,0,0,1,0,0,0,0,,Bastante,4.0
4.0,0,0,0,1,0,1,1,0,0,0,,0,1,0,1,0,0,1,0,0,0,,Alguma coisa,3.0
4.0,1,1,0,1,1,0,1,0,1,1,,0,0,1,0,0,1,0,1,0,0,,Imenso,5.0
4.0,1,1,0,0,0,1,0,0,0,1,,0,0,0,0,0,0,0,1,0,0,,Bastante,4.0
4.0,1,1,1,1,1,1,1,1,1,1,Muito bons.,1,0,1,1,0,0,0,0,0,0,,Bastante,4.0
4.0,1,1,1,0,0,0,0,0,0,1,,0,0,0,1,1,0,1,0,0,0,,Imenso,5.0
4.0,0,0,1,1,0,1,0,0,0,1,,1,0,0,1,0,0,0,0,0,0,"cor do mural, o azul considera nao atraente",Bastante,4.0
3.0,1,0,0,1,0,0,1,0,0,1,,0,1,0,0,0,0,0,0,0,0,,Alguma coisa,3.0
4.0,0,1,0,0,0,1,0,0,0,1,,1,0,1,1,0,0,0,0,0,0,,Imenso,5.0
3.0,0,1,0,1,0,0,0,0,0,0,,0,0,1,0,0,1,1,0,0,0,,Bastante,4.0
4.0,0,0,0,1,1,1,0,0,0,1,,1,1,1,0,0,0,0,0,0,0,,Bastante,4.0
4.0,1,1,0,1,1,1,0,0,0,0,,0,0,1,0,0,0,1,1,0,0,,Bastante,4.0
3.0,0,0,1,1,1,1,0,0,0,0,,1,1,0,0,0,0,1,0,0,0,,Alguma coisa,3.0
4.0,1,1,0,0,1,1,1,0,1,1,,0,0,1,1,0,0,0,1,0,0,,Bastante,4.0
4.0,0,0,0,1,1,1,1,1,1,0,,0,1,1,1,1,1,0,0,0,0,,Bastante,4.0
4.0,1,1,1,1,1,1,1,1,1,1,,0,0,0,0,0,0,0,0,0,0,Nenhum,Bastante,4.0
,0,0,0,0,0,0,0,0,0,0,,0,0,0,0,0,0,0,0,0,0,,,
4.0,1,1,0,1,1,1,0,0,0,0,,0,0,0,0,0,0,1,0,0,0,,Bastante,4.0
3.0,0,1,0,0,0,0,0,0,0,0,,0,0,0,0,0,0,1,0,0,1,Simplicidade,Alguma coisa,3.0
4.0,1,0,0,0,1,0,0,0,0,1,,0,0,1,0,0,0,1,0,1,0,,Bastante,4.0
3.0,0,0,1,1,0,1,0,0,0,0,,0,1,0,1,1,0,0,0,0,0,,Bastante,4.0
4.0,1,1,1,1,0,0,0,0,0,0,,0,0,0,1,1,0,0,1,0,0,,Bastante,4.0
4.0,0,0,0,1,0,0,0,0,0,0,,0,0,0,0,0,0,0,0,1,0,,Alguma coisa,3.0
3.0,0,1,0,0,0,0,0,0,0,0,,0,0,0,1,1,0,1,0,0,0,,Alguma coisa,3.0
4.0,1,0,1,0,1,1,0,0,0,0,,0,0,0,1,0,0,1,1,0,0,,Bastante,4.0
4.0,1,1,0,1,0,1,1,0,0,1,,0,0,1,0,1,0,0,0,0,0,Dimensão das etapas,Bastante,4.0
4.0,1,1,1,0,0,1,0,0,0,0,,0,0,0,1,0,0,0,1,0,0,sem opção,Bastante,4.0
4.0,0,1,0,1,1,0,0,0,0,1,,0,0,1,0,0,0,1,0,1,0,,Alguma coisa,3.0
3.0,1,0,1,0,1,0,0,0,0,0,,0,0,0,0,0,0,0,0,0,0,Obrigatoriedade de Chrome,Imenso,5.0
4.0,0,1,0,0,0,1,0,0,0,1,,0,0,0,1,1,0,1,0,0,0,,Alguma coisa,3.0
